Document_No,Dominant_Topic,Dominant_Percent,All_Percent,description
271,4.0,0.9527999758720398,"[(4, 0.9528158)]","4월 23일 금요일 오후 9시부터 시작하는 <b>아이폰 12</b> 퍼플 사전예약 주문 모델은 미니와 12 2종에 국한됩니다. 이것은 아이폰 11 판매 데이터를 분석했을 때, 고사양을 구매하는 유저들의 컬러 선택 성향을 분석한... "
381,4.0,0.9478999972343445,"[(0, 0.010418979), (1, 0.0104183685), (2, 0.010419843), (3, 0.010417288), (4, 0.94790715), (5, 0.010418349)]",안녕하세요 은디입니다 태원군이 <b>아이폰12</b>미니로 바꾸면서 정보보안 강화유리를 알아보다가 전에도 사용하고 만족스러웠던 힐링쉴드 <b>아이폰12</b>미니 필름으로 바꿨습니다 <b>아이폰12</b> 미니 3D 풀커버 9H 사생활... 
160,4.0,0.9478999972343445,"[(0, 0.010418819), (1, 0.0104195485), (2, 0.010418399), (3, 0.010418237), (4, 0.94790685), (5, 0.010418127)]",안녕하세요 은디입니다 얼마전 태원군의 <b>아이폰12</b>미니 사생활보호 필름을 구매한 후 너무 좋아보이길래 저도 하나 장만했습니다 <b>아이폰12</b>프로 사생활 정보보안 프라이버시 강화유리 액정보호필름 힐링쉴드... 
526,4.0,0.9417999982833862,"[(0, 0.011630462), (1, 0.011630821), (2, 0.011631862), (3, 0.011632854), (4, 0.9418432), (5, 0.0116307475)]",▶ 장착 후 전면 ▶ 장착 후 측면 끼움 슬림케이스 zero03 블루에디션을 <b>아이폰 12</b> 프로 맥스에 장착한 모습입니다. 아이폰에 거의 딱 맞게 설계되어 있어 기존 다른 케이스와 비교했을 때 더욱 일체감이... 
298,4.0,0.9417999982833862,"[(0, 0.01163113), (1, 0.011630996), (2, 0.011633728), (3, 0.011631773), (4, 0.9418404), (5, 0.011631955)]","<b>아이폰12</b>케이스 정품 케이스 가성비 케이스 추천! 그랩비에서 주문했어요~★ 그랩비 <b>아이폰12</b>용 정품 실리콘 범퍼 케이스 색감이 예쁜 실리콘케이스예요~ 색상이 바나나크림, 페르시안블루, 러시안레드... "
412,4.0,0.9417999982833862,"[(0, 0.011630239), (1, 0.0116312625), (2, 0.0116304485), (3, 0.011630885), (4, 0.94184613), (5, 0.011631004)]",#<b>아이폰12</b>PRO케이스 #아이폰케이스 #핸드폰케이스 #휴대폰케이스 #폰케이스 #아이폰케이스쇼핑몰 #<b>아이폰12</b>케이스 <b>아이폰12</b>케이스 안녕하세요 영리한토끼입니다^^ 주말 내내 날씨 비가 오는 흐린 날씨구 오늘은... 
184,4.0,0.9417999982833862,"[(0, 0.011629638), (1, 0.011631445), (2, 0.011630704), (3, 0.011632242), (4, 0.9418454), (5, 0.011630537)]","안녕하세요 꽃수정입니다 :) 아이폰을 사용하는 유저로써,, <b>아이폰12</b>맥세이프케이스 안 써볼수가 없습니다 드라움가드에서 만든 TGD 맥세이프 호환되는 투명케이스를 사용해 보았어요 평소에 투명케이스... "
870,4.0,0.9417999982833862,"[(0, 0.01163221), (1, 0.011630019), (2, 0.0116319265), (3, 0.01163098), (4, 0.94184476), (5, 0.011630058)]",<b>아이폰 12</b> 미니의 크기는 기존 아이폰8 보다 작지만 액정 디스플레이 자체는 아이폰8보다 크기 때문에 사용하면서도 답답하다는 느낌을 받기 힘듭니다. 아무리 크기가 커도 홈버튼이 있으면 노치가 두꺼울... 
836,4.0,0.9417999982833862,"[(0, 0.011630547), (1, 0.011630413), (2, 0.011631813), (3, 0.011629385), (4, 0.94184756), (5, 0.011630264)]",<b>아이폰12</b> 강화유리 케이스 신상품 입고 스마토리&amp;애플마트 안녕하세요 신용산역 애플마트입니다 !!! <b>아이폰12</b>용 강화 유리와 케이스 신상이 입고되어서 소개시켜드려요 ~ <b>아이폰12</b> 시리즈 슬림핏 케이스... 
188,4.0,0.9341999888420105,"[(0, 0.013158639), (1, 0.0131595135), (2, 0.013160043), (3, 0.0131586455), (4, 0.9342046), (5, 0.0131585775)]",GawafitSleve <b>아이폰12</b> 슬리브 #Pueblo - Coccinella 안녕하세요. 광교 앨리웨이 1층에 위치한 가죽 주문제작 전문 가와레더 입니다. 이태리에서 수입한 천연 베지터블 소가죽인 푸에블로 가죽으로 제작된 <b>아이폰12</b>... 
938,4.0,0.9341999888420105,"[(0, 0.013162061), (1, 0.0131602), (2, 0.0131655745), (3, 0.013161795), (4, 0.9341896), (5, 0.01316075)]",안녕하세요 블로거 우주인입니다 :) <b>아이폰12</b>프로 구입한지 2주 정도 된거 같아요 아이폰7은 홈버튼이 있고 <b>아이폰12</b> 프로는 홈버튼이 없어서 처음 사용할 때는 너무 불편했어요 자꾸 홈버튼을 찾게되더라는... 
936,4.0,0.9341999888420105,"[(0, 0.013162042), (1, 0.013162164), (2, 0.013164706), (3, 0.013162737), (4, 0.9341872), (5, 0.013161185)]",사진 <b>아이폰12</b> Pro 사진 저 개인적으로는 카메라를 가장 기대하고 있습니다. 오늘은 개봉기이니 가볍게 아이폰11 pro와 12 pro로 주광에 찍은 사진 두 장 정도 올려봅니다. 자세한 비교나 디테일한 리뷰는... 
224,4.0,0.9341999888420105,"[(0, 0.013162276), (1, 0.0131623605), (2, 0.013160706), (3, 0.013162925), (4, 0.934188), (5, 0.013163764)]",강변 테크노마트 휴대폰 매장 <b>아이폰12</b> 프로 안녕하세요. 네이버 여행 인플루언서 고미리레 입니다.... 알아보며 <b>아이폰 12</b> 프로 기종을 살펴 봤어요. 예전에 차가 없을때에는 항상 고향집 갈때마다 들렸던... 
249,4.0,0.9341999888420105,"[(0, 0.013163722), (1, 0.0131643275), (2, 0.013159219), (3, 0.013162852), (4, 0.93418497), (5, 0.01316487)]",에어팟프로 케이스 꼭 할인받고 구매하세요 !! 이 포스팅은 엘라고의 협찬 제품으로 직접 사용한 후 솔직하게 쓴 리뷰입니다 #엘라고 #아이폰케이스 #<b>아이폰12</b>케이스 #에어팟케이스 #에어팟프로케이스
856,4.0,0.9341999888420105,"[(0, 0.013160053), (1, 0.013160024), (2, 0.013161007), (3, 0.013161438), (4, 0.9341974), (5, 0.013160079)]",착붙 끝 <b>아이폰 12</b> 미니 케이스 끼움 <b>아이폰12</b>미니 슬림케이스 zero03 : 바림 https://balim.co.kr #<b>아이폰12</b>미니케이스 #아이폰케이스 #투명케이스 #젤리케이스 #아이폰케이스 #아이폰바림 #바림 #바람케이그... 
560,4.0,0.9341999888420105,"[(0, 0.0131610595), (1, 0.013161584), (2, 0.013162998), (3, 0.013162368), (4, 0.9341846), (5, 0.013167415)]",가끔 12프로 시켰는데 미니가 오거나 그냥 12가 배송오는 경우도 있어서 다 뜯고 아니면... ㅠㅠㅠㅠㅠㅠㅠㅠㅠㅠ #<b>아이폰12</b>프로투명케이스 #바림케이스 #끼움케이스 #아이폰케이스추천 #<b>아이폰12</b>케이스추천... 
356,4.0,0.9341999888420105,"[(0, 0.01315864), (1, 0.013159507), (2, 0.013159936), (3, 0.013158646), (4, 0.9342047), (5, 0.013158578)]",Leathercraft 2574 - #GawafitSleve <b>아이폰12</b>프로 슬리브 #Pueblo - Nero 안녕하세요. 광교 앨리웨이 1층에 위치한 가죽 주문제작 전문 가와레더 입니다. <b>아이폰12</b>프로 용으로 제작된 슬리브 가죽케이스입니다.... 
360,4.0,0.9341999888420105,"[(0, 0.013160179), (1, 0.013160141), (2, 0.013159504), (3, 0.013160613), (4, 0.9341993), (5, 0.013160261)]",#<b>아이폰12</b>pro투명케이스 #navipark #<b>아이폰12</b>pro케이스 #<b>아이폰12</b>투명케이스 #휴대폰케이스 #휴대폰케이스추천 <b>아이폰12</b>pro투명케이스 안녕하세요 영리한토끼입니다. 벚꽃이 활짝 피어~ 너무 이뻤는데.... 
655,4.0,0.9341999888420105,"[(0, 0.013163156), (1, 0.013162849), (2, 0.013161425), (3, 0.013164494), (4, 0.93418705), (5, 0.013161028)]","https://blog.naver.com/elvoice/222162258903 아이폰6S와 <b>아이폰 12</b> PRO <b>아이폰 12</b>와 12 Pro를 가격 측면에서 고민을 할 수 있지만, 무엇보다 광학 망원렌즈 하나가 더 있어서 였을까? 램이 6기가? 물론, 같은 사진... "
427,4.0,0.9341999888420105,"[(0, 0.013163607), (1, 0.01316065), (2, 0.013162125), (3, 0.01316222), (4, 0.93419075), (5, 0.013160646)]",#<b>아이폰12</b>프로케이스 아이폰의 그립감을 가장 잘 잡아준 #바림케이스 후기입니다! (어마어마한 얇음!!!!!) 케이스가 0.3mm로 아이폰자체의 그립감을 무너트리지 않아서 많이 기대했어요 #아이폰그립감... 
437,4.0,0.9341999888420105,"[(0, 0.013161886), (1, 0.013159985), (2, 0.013160492), (3, 0.013160116), (4, 0.934196), (5, 0.013161557)]",이정도로 <b>아이폰12</b>프로 정품 실리콘케이스 리뷰를 마칩니다. 아이폰을 구매하면 꼭 구매하는데 매번 불만스러웠던 적은 없었습니다. 요건 <b>아이폰12</b>pro 가죽케이스 새들브라운 후기입니다. 요건 맥세이프... 
441,4.0,0.9341999888420105,"[(0, 0.013164264), (1, 0.013166199), (2, 0.013162277), (3, 0.013160509), (4, 0.93418473), (5, 0.013162014)]","스크래치도 잘 안 생기고, 지문도 상대적으로 덜 묻는다고 하고, 아이폰 스크린 본연의 컬러를 전달해 준다고 하더라구요! 힐링쉴드 <b>아이폰12</b> 미니 강화유리 뜯어보니 구성은 요로코롬. 필요한 건 다 있습니다... "
884,4.0,0.9341999888420105,"[(0, 0.013159304), (1, 0.013160933), (2, 0.013159411), (3, 0.013159942), (4, 0.9342001), (5, 0.013160327)]","애플, 보라색 <b>아이폰12</b> 유보라 아이폰 퍼플 LG유플러스  안녕하세요 제제와앨리스입니다. 여러분들은 어떤 컬러를 가장 좋아 하시나요? 매번 바뀌기는 하지만 손에 꼽아 보라고 한다면, 저는 보라색의 컬러를... "
326,4.0,0.9341999888420105,"[(0, 0.013159696), (1, 0.013161151), (2, 0.013160114), (3, 0.01316112), (4, 0.9341956), (5, 0.013162345)]",질감을 가지고 있는 정도에요 지문과 오염방지에 탁월한 안티핑거 코팅으로 부드러운 사용감도 특징이에요 무선충전까지 되니 활용하기 좋은 끼움 <b>아이폰12</b>프로맥스 슬림케이스 추천하고 싶은 아이폰케이스에요!
6,4.0,0.9341999888420105,"[(0, 0.013160461), (1, 0.0131644085), (2, 0.013163204), (3, 0.013161302), (4, 0.9341876), (5, 0.013163008)]",CHOETECH 저도 몇 개월 전 애플워치와 아이폰 + 에어팟 동시 충전되는 제품을 써보고 좋아서 친구에게... ( 정품 아니지만 자력 괜찮은 편 ) 저는 <b>아이폰 12</b> 프로 유저인데 두꺼운 그립 톡이 붙은 스마트폰... 
85,4.0,0.9341999888420105,"[(0, 0.013158639), (1, 0.013159507), (2, 0.013159946), (3, 0.0131586455), (4, 0.93420464), (5, 0.0131585775)]",<b>아이폰12</b>미니 슬리브 #Pueblo - Ortensia 안녕하세요. 광교 앨리웨이 1층에 위치한 가죽 주문제작 전문 가와레더 입니다. 이태리에서 수입한 천연 베지터블 가죽인 푸에블로 소가죽으로 제작한 <b>아이폰12</b>미니... 
29,4.0,0.9341999888420105,"[(0, 0.013162047), (1, 0.013161621), (2, 0.013160968), (3, 0.013163082), (4, 0.9341899), (5, 0.013162328)]",내/돈/내/산 아이폰13이 나온다 하고 <b>아이폰12</b> 퍼플 컬러가 새로 나왔는데 임시 저장에 묵혀있다가 이.제.야. 쓰는 <b>아이폰12</b>프로 골드 자급제 (쿠팡) 구매후기 ㅎㅎ 휴대폰 가게에서 구입할 땐 지원금 많이 주는... 
968,4.0,0.9341999888420105,"[(0, 0.013161159), (1, 0.01316066), (2, 0.013162786), (3, 0.0131615205), (4, 0.93418765), (5, 0.013166187)]","이번에도 12 퍼플 기대했던 분 많았을텐데 존버하신 분들......... 대박 성공! 와........ 뭔가... 업데이트되서 <b>아이폰 12</b>, 아이폰 미니 퍼플 색상은 모두 4월 23일 사전주문을 시작하고 출시는 4월 30일... "
91,4.0,0.9341999888420105,"[(0, 0.013161263), (1, 0.013161633), (2, 0.013159797), (3, 0.013160014), (4, 0.9341983), (5, 0.013159004)]","<b>아이폰 12</b>프로 폰케이스 추천 귀여운 부기우기 폰케이스 :) 안녕하세요! 봉슬이예요 :-) 후후 아이폰 유저 블로거에게 제일 즐거운것 중 하나가, 바로 이 귀여운 폰케이스 리뷰 랍니다 :) 나의 사랑스러운 새폰... "
64,4.0,0.9341999888420105,"[(0, 0.013162881), (1, 0.013160896), (2, 0.013160952), (3, 0.013161748), (4, 0.9341913), (5, 0.0131622385)]",개인적으로 망설이고 계시는 분들은 자급제폰 조합을 추천드려요~ <b>아이폰 12</b>프로 자급제 개봉후기 &lt;아이폰 자급제 바로보기&gt; 저는 삼성페이의 간편함이나 익숙한 사용감 때문에 갤럭시 플래그쉽 모델 위주로... 
556,4.0,0.9241999983787537,"[(0, 0.015157998), (1, 0.015156029), (2, 0.0151559), (3, 0.0151558705), (4, 0.92421764), (5, 0.0151565205)]",스코코 <b>아이폰12</b>프로 측면보호필름 저는 자고로 핸드폰은 커야 한다고 생각하는 사람이라서 <b>아이폰12</b>시리즈로 스마트폰 바꿀 때 <b>아이폰12</b>프로랑 <b>아이폰12</b>프로맥스끼리 고민하다가 <b>아이폰12</b>프로맥스를 기다리지... 
82,4.0,0.9241999983787537,"[(0, 0.015157125), (1, 0.01515585), (2, 0.01515445), (3, 0.015156232), (4, 0.92422223), (5, 0.015154135)]",아이폰8에서 12로 기종변경을 했습니다. 근처 AU샵에 3월 말에 주문했는데 2주만에 입고된다고 했는데... 다음에는 케이스를 구입하려고 4군데 정도 돌았는데 제가 구입한 <b>아이폰 12</b> pro 케이스는 어디에도... 
232,4.0,0.9241999983787537,"[(0, 0.015155205), (1, 0.015154599), (2, 0.015155167), (3, 0.015154068), (4, 0.92422503), (5, 0.015155912)]",<b>아이폰 12</b> 미니 퍼플 #<b>아이폰12</b>퍼플 #<b>아이폰12</b>mini #사전예약 정신차리니까 앱등이였던 나는... iphone12purple #아이폰11비교 #iphonepurple #아이폰퍼플실제사진 #아이폰퍼플후기 #아이폰퍼플보라색... 
279,4.0,0.9241999983787537,"[(0, 0.015156253), (1, 0.015155819), (2, 0.015155115), (3, 0.015156147), (4, 0.9242199), (5, 0.015156769)]",오늘 살게 있어 하이마트쇼핑몰 홈페이지에 들어갔는데 보랏빛의 아이폰이 눈에 띄더라구요. 봤더니 4월23일 저녁9시 <b>아이폰12</b> / <b>아이폰12</b> 미니 사전예약이 시작되었네요. 사전예약 바로가기 개인적으로 참... 
281,4.0,0.9241999983787537,"[(0, 0.015154166), (1, 0.015153793), (2, 0.015153618), (3, 0.015156042), (4, 0.92422944), (5, 0.015152944)]",지미시 <b>아이폰12</b>pro 강화유리와 케이스를 바꿀때가 되어서 사과방패 강화유리와 케이스를 선택했다. 애플이라 사과방패인가 재치있는 네임에 피식 한번. 수십년 째 아이폰 유저인데 아이폰 구매 시 깨짐 없이... 
89,4.0,0.9241999983787537,"[(0, 0.01515574), (1, 0.015156958), (2, 0.015154798), (3, 0.015155937), (4, 0.9242223), (5, 0.015154294)]","이 <b>아이폰12</b>퍼플도 새로운 색상때문에 사고 싶은 것 처럼요, 이상으로 개인적으로 구매하고 싶은 <b>아이폰12</b> 퍼플 열망의 글을 마칩니당 구매링크 올려요~ https://coupa.ng/bZA2sg #<b>아이폰12</b> #<b>아이폰12</b>퍼플 #아이폰"
211,4.0,0.9241999983787537,"[(0, 0.015157649), (1, 0.015156752), (2, 0.015157728), (3, 0.015159554), (4, 0.92421263), (5, 0.015155685)]",깨끗하다 좋다아아 만족해 카루망 코리아의 링크 * 카루망 코리아 http://karumang.co.kr/ #<b>아이폰12</b>프로맥스강화유리카루망코리아 #카루망코리아 #<b>아이폰12</b>프로맥스 #강화유리 #아이폰강화유리 #휴대폰강화유리... 
822,4.0,0.9241999983787537,"[(0, 0.0151568195), (1, 0.0151536), (2, 0.0151620135), (3, 0.015155442), (4, 0.9242185), (5, 0.01515368)]",안녕하세요 저 드디어..아이폰 6와의 지독한 관계를 끝내고 무려 <b>아이폰 12</b>을 손아귀에 넣게되었습니다. 중1부터 써오던 아이폰 6 무음 설정하는 버튼 고장남 화면에 데드픽셀 (처음 샀을 때부터 있었음ㅋ)... 
343,4.0,0.9241999983787537,"[(0, 0.015156012), (1, 0.015155459), (2, 0.015158662), (3, 0.015154328), (4, 0.9242222), (5, 0.015153382)]",아이폰11까지와 달리 <b>아이폰12</b>부터는 옆면이 평평해서 생폰으로 잡아도 그립감이 아주 좋다. 유리도 세라믹을 섞어서 기존 아이폰 대비 강도가 4배 정도 강해졌다고 한다. 그래서 케이스 없이 6개월 간... 
584,4.0,0.9241999983787537,"[(0, 0.015153676), (1, 0.015155818), (2, 0.015156819), (3, 0.0151555585), (4, 0.92422533), (5, 0.015152808)]",바림 슬림케이스 zero03 <b>아이폰 12</b> 투명케이스 #아이폰 #<b>아이폰12</b>투명케이스 #바림케이스 얼마나 가벼운지 정말 아무것도 들고있는 것 같지 않은 무게감..ㅎㅎ 이전에는 거의 범퍼케이스를 사용했었는데... 
107,4.0,0.9241999983787537,"[(0, 0.015154333), (1, 0.015155304), (2, 0.015153897), (3, 0.0151535), (4, 0.9242281), (5, 0.015154907)]",#아이폰케이스 #아이폰범퍼케이스 #아이폰케이스추천 #<b>아이폰12</b>범퍼케이스 #<b>아이폰12</b>미니범퍼케이스 #<b>아이폰12</b>케이스추천 #<b>아이폰12</b>미니투명케이스 #<b>아이폰12</b>투명케이스
26,4.0,0.9241999983787537,"[(0, 0.01515451), (1, 0.015154359), (2, 0.01515584), (3, 0.015155968), (4, 0.92422545), (5, 0.015153847)]",아이폰 케이스로 선택한 무직타이거 제품은 하드슬림케이스 중에서 그립감도 좋고 버튼 조작성을 해치지 않으면서도 호랑이라는 레어한 이미지 디자인을 적용하여 개성이 넘치고 감각적인 <b>아이폰 12</b> pro max... 
482,4.0,0.9241999983787537,"[(0, 0.015155006), (1, 0.015154367), (2, 0.015154777), (3, 0.01515539), (4, 0.92422545), (5, 0.015155023)]","2021년 4월30일(금) 오전 8시에 <b>아이폰12</b> 퍼플이 쿠팡에서 판매 됩니다. 지난주에 <b>아이폰12</b> 퍼플 사전예약이 진행되어 당시 <b>아이폰12</b>퍼플 , <b>아이폰12</b>미니 퍼플이 모두 품절이 되었습니다. 저녁9시에... "
71,4.0,0.9241999983787537,"[(0, 0.015157619), (1, 0.01515536), (2, 0.0151592875), (3, 0.015157658), (4, 0.9242149), (5, 0.015155183)]",완벽하게 하나되는 얇고 가벼운 핸드폰케이스 | <b>아이폰12</b> 프로맥스 케이스 (블랙/그린 에디션) 캐릭터가... 정말 편하게 잘 사용했던 젤리케이스지만 확실히 아이폰디자인을 살짝 깍아먹긴 했지요~ ㅋㅋㅋ 새... 
447,4.0,0.9241999983787537,"[(0, 0.015154614), (1, 0.015154338), (2, 0.015154446), (3, 0.01515432), (4, 0.92422754), (5, 0.01515478)]","이번 애플 이벤트에서 봄에 맞는 컬러로 발표한 새 보라색 아이폰 ‘<b>아이폰12</b>와 <b>아이폰12</b> 미니 퍼플’ 분명 이벤트에서는 애플 팀쿡이 말하길.., 이번주 금요일(4/23)에 Pre-order(사전예약)을 시작한다고... "
802,4.0,0.9241999983787537,"[(0, 0.015153575), (1, 0.015153959), (2, 0.015154104), (3, 0.0151538635), (4, 0.92423004), (5, 0.015154432)]",저의 사랑 <b>아이폰 12</b> 프로입니다~~~ 8+ 사용하다 11로 갈까 말까 고민하며 지냈거든요. 12를 기다리라는... 제품이 <b>아이폰 12</b> 프로의 강화유리에요! 고품질 프리미엄 소재로 제작되어 아이폰의 밝기와 선명도... 
96,4.0,0.9241999983787537,"[(0, 0.015156225), (1, 0.015155583), (2, 0.015157221), (3, 0.015158602), (4, 0.924218), (5, 0.015154324)]",balim.co.kr/shop_view/?idx=466 #바림케이스 #끼움케이스 #슬림케이스 #그린에디션 #<b>아이폰12</b>프로맥스케이스 #<b>아이폰12</b>케이스 #아이폰슬림케이스 #카메라액정케이스
159,4.0,0.9241999983787537,"[(0, 0.015156143), (1, 0.015156555), (2, 0.015156121), (3, 0.015154501), (4, 0.9242189), (5, 0.01515778)]",<b>아이폰 12</b>프로 케이스 장착한 모습 저는 개인적으로 아이폰 케이스는 투명이다 라는 이상한? 지론을 가지고 있는터라 굉장히 마음에 들었고 개인적으로 키감또한도 굉장히 좋았어요 손에 감기는 이느낌은... 
792,4.0,0.9241999983787537,"[(0, 0.015155842), (1, 0.015153563), (2, 0.015155642), (3, 0.015153533), (4, 0.92422634), (5, 0.015155072)]","아이폰8이랑 <b>아이폰12</b>프로 둘 다 '골드' 컬러인데 아이폰8은 핑크빛이 많이 돌고 <b>아이폰 12</b>프로는 베이지 느낌! 아이폰8에서 <b>아이폰 12</b> pro로 넘어가서 성능, 카메라, 액정 크기 등등 더 좋게 느껴집니다! 약 한... "
850,4.0,0.9241999983787537,"[(0, 0.015156153), (1, 0.01515502), (2, 0.015155611), (3, 0.015152676), (4, 0.9242252), (5, 0.015155326)]",이번에 <b>아이폰 12</b> PRO를 구매한 만큼 강화유리 재질의 액정보호필름 1종을 빠르게 수급해보았습니다. SCREEN PROTECTOR ACCESSORIES for iPhone 12 Pro 3D MARSTER PIECE. KAN 케이안은 아이폰 이외에도 다양한 스마트 디바이스를... 
712,4.0,0.9241999983787537,"[(0, 0.015156284), (1, 0.015156318), (2, 0.0151546), (3, 0.0151548525), (4, 0.92422414), (5, 0.015153819)]",올해 새롭게 출시된 <b>아이폰12</b> 프로맥스 역시 상당히 고가인 만큼 기기를 받기 전에 케이스와 강화유리... 테두리의 두께도 얇아진 만큼 <b>아이폰12</b> 프로맥스 케이스를 필수로 장착하여 혹시 모를 충격으로부터... 
601,4.0,0.9241999983787537,"[(0, 0.015156257), (1, 0.015156161), (2, 0.01515575), (3, 0.015154662), (4, 0.92422104), (5, 0.0151561415)]",레드컬러를 좋아해서 레드로 결정했어용 F-it 백프론트 아이폰 케이스는 <b>아이폰 12</b> <b>아이폰 12</b>PRO 아이폰 PRO MAX 아이폰 MINI 기종만 출시된다고 합니다. 저는 <b>아이폰12</b> 레드색상입니다. <b>아이폰12</b> 보호필름... 
551,4.0,0.9241999983787537,"[(0, 0.015155849), (1, 0.015153766), (2, 0.015155826), (3, 0.015157497), (4, 0.9242227), (5, 0.015154341)]",예쁜 <b>아이폰12</b>미니의 모습은 해치지 않으면서 폰을 보호할 수 있는걸 생각해보다가 바림 끼움 슬림케이스 zero03을 선택했다 세상에서 가장 얇은 케이스 0.3mm로 이름이 제로공삼이다 zero03과 함께라면 아이폰... 
456,4.0,0.9241999983787537,"[(0, 0.015154909), (1, 0.015156785), (2, 0.015154689), (3, 0.015156636), (4, 0.9242222), (5, 0.01515481)]",balim.co.kr/304/?idx=328 <b>아이폰 12</b> 프로 맥스 슬림케이스 zero03' #바림 #<b>아이폰12</b>케이스추천 #아이폰케이스추천 #투명케이스 #얇은케이스 #<b>아이폰12</b>프로맥스케이스 #바림케이스 #대학생선물추천 #직장인선물추천
455,4.0,0.9107000231742859,"[(0, 0.017862974), (1, 0.017862583), (2, 0.01786297), (3, 0.017860884), (4, 0.91069144), (5, 0.017859127)]",보호하는 <b>아이폰12</b>미니 케이스에요 아이폰을 완벽하게 복각한 디자인 바림제품은 빈틈없는 1:1 설계로 아이폰과 완벽하게 하나가 되는 슬림케이스였어요 키버튼도 딱딱 들어맞고~ 케이스를 끼웠는데 워낙... 
357,4.0,0.9107000231742859,"[(0, 0.017867602), (1, 0.017862936), (2, 0.017861312), (3, 0.017864112), (4, 0.910681), (5, 0.017863017)]",정전기였나봐요 강화유리필름 끝이 블랙 라인이라 생 폰인 거 마냥 이질감없이 자연스럽게 쓸 수 있어 좋습니다! #처비캣 #<b>아이폰12</b>미니강화유리필름 #아이폰액정필름 #강화유리필름
433,4.0,0.9107000231742859,"[(0, 0.01786131), (1, 0.017865043), (2, 0.017862901), (3, 0.01786404), (4, 0.9106855), (5, 0.017861184)]",바림 슬림케이스 예쁘다아 어디가져다놔도 예쁨이 딱 보이는 <b>아이폰12</b>프로케이스 #바림케이스 #슬림케이스 #젤리케이스 #투명케이스 #<b>아이폰12</b>케이스추천 #아이폰케이스 #<b>아이폰12</b>프로 #아이폰케이스추천
24,4.0,0.9107000231742859,"[(0, 0.017862435), (1, 0.017858818), (2, 0.017861536), (3, 0.017860381), (4, 0.9106956), (5, 0.017861208)]","어마어마한 크기 때문에 뭔가 귀여운 느낌이 없었는데, <b>아이폰 12</b> 프로맥스 케이스로 아기자기하게 다시 태어난 느낌이에요. 케이스티파이 아이폰 케이스는 실리콘과 플라스틱을 사용한 제품이지만 재활용... "
77,4.0,0.9107000231742859,"[(0, 0.017859722), (1, 0.017858509), (2, 0.017859522), (3, 0.017859513), (4, 0.9107027), (5, 0.017860021)]",구매는 이곳에서 할수 있어요 #<b>아이폰12</b>프로케이스 #아이폰실리콘케이스 #<b>아이폰12</b>케이스 #아이폰가성비케이스 #그랩비 # 아이폰케이스 #아이폰예쁜케이스 #실리콘케이스 #<b>아이폰12</b> #폰케이스 #예쁜폰케이스... 
739,4.0,0.9107000231742859,"[(0, 0.017858408), (1, 0.017858883), (2, 0.017860932), (3, 0.01785818), (4, 0.91070545), (5, 0.017858163)]",Leathercraft #2526 - #GawafitSlim <b>아이폰12</b> 프로 #Pueblo - Ortensia 안녕하세요. 가죽 제품 주문제작 전문 가와레더 입니다. 가와레더에서 핸드메이드로 주문해 주시는 <b>아이폰12</b>프로 수제 가죽케이스입니다. 이태리... 
731,4.0,0.9107000231742859,"[(0, 0.017861048), (1, 0.017859235), (2, 0.017864743), (3, 0.017859798), (4, 0.9106894), (5, 0.017865736)]",아이폰케이스쇼핑몰! 티피티포에서 나온 그립톡 스트랩케이스 사용해봤어요~ <b>아이폰12</b>케이스가 딱 들어갈 크기의 더스트백에 포장되어 와서 괜히 특별한 선물 받는 것 같은 느낌~ 가벼운 선물로도... 
749,4.0,0.9107000231742859,"[(0, 0.017861156), (1, 0.01785815), (2, 0.01786075), (3, 0.017858753), (4, 0.9106999), (5, 0.017861325)]",케이스까지 끼워준 모습 힐링쉴드 <b>아이폰12</b>프로 강화유리 보호필름으로 이제 더 안심하고 사용할 수 있겠어요 :) #힐링쉴드 #<b>아이폰12</b>프로필름 #아이폰필름 #아이폰강화유리 #아이폰측면필름... 
67,4.0,0.9107000231742859,"[(0, 0.01786086), (1, 0.01786906), (2, 0.017859485), (3, 0.017859863), (4, 0.91069186), (5, 0.017858837)]",[ 처비캣 _아이폰 강화유리필름 ] #<b>아이폰12</b>프로강화유리필름 #아이폰액정보호필름 #아이폰액정필름 © 글/사진 컁 blog 액정 깨부수기 장인인 나는 핸드폰이 오기도 전에 액정보호필름 먼저 주문을 했지이 처비캣... 
932,4.0,0.9107000231742859,"[(0, 0.017861472), (1, 0.017863829), (2, 0.017859418), (3, 0.017861638), (4, 0.9106922), (5, 0.017861472)]",ㅎㅎ #<b>아이폰12</b>프로케이스 #<b>아이폰12</b>프로투명케이스 #슈퍼프케이스 #슈퍼프투명케이스 #투명케이스추천 #슬림케이스추천 #<b>아이폰12</b>프로케이스추천 #아이폰뒷판잘보이는케이스 #슈퍼프투명슬림케이스... 
202,4.0,0.9107000231742859,"[(0, 0.017859157), (1, 0.017861843), (2, 0.01785999), (3, 0.017859625), (4, 0.9106995), (5, 0.017859953)]",아이퐁12 미니 구입 후 좋은 기회가 되서 받은 제품들 업체명(가우런)은 조금 생소할수도 있지만 기대되는 풀세트. <b>아이폰 12</b> 미니용 왼쪽부터 차례대로 1. 카메라 강화유리 풀커버 2. 퓨어 하이브리드 클리어... 
554,4.0,0.9107000231742859,"[(0, 0.017863043), (1, 0.01785906), (2, 0.017863257), (3, 0.017859431), (4, 0.91069305), (5, 0.017862128)]",<b>아이폰12</b>pro 폰케이스 &amp; 그립톡 추천 귀엽고 실용적인 키키럽케이스 #폰케이스 #그립톡 #키키럽... 갤럭시에서 아이폰으로 바꾸고나서 삼성페이가 참 아쉬웠거든요. 삼성페이로 결제하다가 아이폰으로 바꾸니... 
868,4.0,0.9107000231742859,"[(0, 0.01786649), (1, 0.017862229), (2, 0.017859213), (3, 0.017868726), (4, 0.91067773), (5, 0.01786561)]","스토어 찜 톡톡친구시 매달 힐링데이 할인쿠폰 발급이 된다네요. #힐링쉴드, #<b>아이폰12</b>필름, #<b>아이폰12</b>초슬림필름, #<b>아이폰12</b>액세서리, #아이폰강화유리, #아이폰초슬림강화유리"
146,4.0,0.9107000231742859,"[(0, 0.01786636), (1, 0.017862141), (2, 0.017862763), (3, 0.017859785), (4, 0.910687), (5, 0.017861962)]",아이엠듀 <b>아이폰12</b> 강화유리 액정필름 막상 제품들을 찾아보면 정말 종류가 다양해서 어떤 제품을 선택해야 할지 고민이었다면 오늘 살펴볼 아이엠듀 <b>아이폰12</b> 강화유리 액정필름을 주목해보시기 바랍니다.... 
646,4.0,0.9107000231742859,"[(0, 0.017859222), (1, 0.017861502), (2, 0.01785969), (3, 0.017859302), (4, 0.91069925), (5, 0.01786105)]",#샤론6 #아이폰케이스 #핸드폰케이스 #스마트폰케이스 #변색없는투명케이스 #<b>아이폰12</b>미니케이스 #아이폰범퍼케이스 #아이폰케이스쇼핑몰 #아이폰투명범퍼케이스 #아이폰투명케이스 #아이폰폰케이스... 
174,4.0,0.9107000231742859,"[(0, 0.017860962), (1, 0.017857935), (2, 0.0178613), (3, 0.017859748), (4, 0.91069335), (5, 0.017866766)]","케이스도 스타일리쉬하게, 감각적인 디자인, 내 소중한 <b>아이폰12</b>미니 보호까지 완벽하게 해주는 샤론6 아이폰케이스 쇼핑몰 에어팟케이스도 주문하러 갑니다 ♡"
812,4.0,0.9107000231742859,"[(0, 0.017860442), (1, 0.017859627), (2, 0.017860292), (3, 0.01786231), (4, 0.91069776), (5, 0.017859573)]",#<b>아이폰12</b>pro슬림케이스 #바림 #balim #변색강한아이폰케이스 #폴리프로필렌케이스 #아가젖병케이스 #끼움아이폰 #제로03 #ZERO03 #아이폰프로슬림케이스 #아이폰케이스추천 #가볍다가벼워 #매우슬림... 
496,4.0,0.9107000231742859,"[(0, 0.017863281), (1, 0.017859424), (2, 0.01786784), (3, 0.01786167), (4, 0.91068465), (5, 0.0178632)]",[애플 <b>아이폰 12</b> pro 절약 정보보기] p.s. 할인이 매번 변동적이기 때문에 꼭 직접 알아보세요 많은 분들이 아이폰 11 pro와 12 pro를 비교하시면서 둘의 차이점에 대해서 영상들도 올렸지만 시즌이 다르다는 건... 
92,4.0,0.9107000231742859,"[(0, 0.017861884), (1, 0.017863866), (2, 0.017860645), (3, 0.01785976), (4, 0.9106935), (5, 0.017860306)]",이상 MONTERSTORY에서 <b>아이폰 12</b> <b>아이폰 12</b> 프로 <b>아이폰 12</b> 미니 카메라 커버케이스를 알려드렸습니다. ㅋㅋ 전 아이폰 유저가 아니라 아쉽게도 사용하지 못합니다. 하지만 그립톡은 빼았아 사용중이랍니다. ~!!!!... 
493,4.0,0.9107000231742859,"[(0, 0.017860845), (1, 0.017859563), (2, 0.017859295), (3, 0.017861836), (4, 0.9106977), (5, 0.017860787)]",저 <b>아이폰 12</b>프로로 바꾸는 시기에 마춰서 주문을 했기 땜에 타아밍 굿 뒷모습입니다 아래에 보시면... 구매처 #힐링쉴드 #아이폰강화유리 #정보보안강화유리 #사생활보호필름 #아이폰필름 #스크래치방지필름... 
765,4.0,0.9107000231742859,"[(0, 0.017859519), (1, 0.017862448), (2, 0.017859256), (3, 0.01786188), (4, 0.9106972), (5, 0.017859636)]",카리니입니다~~ 케이스 매니아 카리니 최애 케이스티파이 <b>아이폰12</b>프로로 휴대폰을 바꾸면서 기존에 썼던 넘나 맘들었던 아이폰 케이스 재주문했어요! 영롱보스 네온샌드 케이스티파이 직구 방법 <b>아이폰12</b>프로... 
761,4.0,0.9107000231742859,"[(0, 0.017862922), (1, 0.017862922), (2, 0.017863376), (3, 0.01786189), (4, 0.9106864), (5, 0.017862525)]","너무 폰이 버벅거려서, 나도 12pro 합류. 진짜 2년 주기가 맞는 거 같네. 2년만 되면 작동이 어려워. #<b>아이폰12</b>pro 실버 사려고 했다가, 급 골드가 이쁘다길래 골드 선택. 사실 케이스 씌우면 컬러 아무짝에도... "
276,4.0,0.9107000231742859,"[(0, 0.01785967), (1, 0.01785972), (2, 0.017859519), (3, 0.017863208), (4, 0.91069764), (5, 0.017860211)]",#<b>아이폰12</b>프로케이스 #<b>아이폰12</b>프로 #그랩비 #휴대폰케이스추천 #휴대폰케이스 #아이폰케이스... 아이프12프로케이스를 가지고 왔어요 ㅎ <b>아이폰12</b>프로케이스1 <b>아이폰12</b>프로케이스 그랩비케이스에요.... 
292,4.0,0.9107000231742859,"[(0, 0.017860489), (1, 0.017866742), (2, 0.017860183), (3, 0.017865805), (4, 0.91068226), (5, 0.017864514)]",안녕하세요 은디입니다 이웃님들은 아시겠지만 얼마전 태원군이 <b>아이폰12</b> 미니로 바꾸면서 핸드폰 용품에도 관심이 무척 많아졌어요 케이스를 안낀 아이폰이 제일 예쁘지만 그래도 조심히 쓰려면 케이스는... 
494,4.0,0.8913000226020813,"[(0, 0.021744598), (1, 0.021744573), (2, 0.021746332), (3, 0.02174585), (4, 0.89127386), (5, 0.021744806)]","기존에 아이폰 xr 을 사용하고 있어서 굳이 <b>아이폰 12</b>로는 바꿀 생각이 들지 않았는데, <b>아이폰 12</b> 프로맥스는 카메라 때문에 구매를 결정했습니다. 송정자연휴양림에서 카메라로 찍은 모습입니다. 위에서... "
54,4.0,0.8913000226020813,"[(0, 0.021747671), (1, 0.021746509), (2, 0.02175356), (3, 0.02174755), (4, 0.8912564), (5, 0.02174825)]",<b>아이폰12</b>미니로 바꾸고 나서 애지중지 엄청 만족하면서 쓰는 와중에 얼마전에 진짜 심장 철렁 내려... 들었어요 그래서 알아보다가 써 본 사람들이 진짜 적극 추천해준 처비캣 아이폰미니12 3D곡면 풀커버... 
882,4.0,0.8913000226020813,"[(0, 0.021741832), (1, 0.021742703), (2, 0.021741405), (3, 0.02174502), (4, 0.89128196), (5, 0.02174708)]",#<b>아이폰 12</b> 미니 #<b>아이폰 12</b> 미니 자급제 #벨킨강화유리 #아이폰3 12미니는 3랑 비슷한거 같음. 3 아직도 갖고 있는데 사진 찍으려고 충전시켜서 켰음. 밀어서 잠금해제 - 그 시절엔 신기했는데 ㅋㅋ 강화필름... 
686,4.0,0.8913000226020813,"[(0, 0.021740504), (1, 0.021745365), (2, 0.021742344), (3, 0.021740256), (4, 0.8912892), (5, 0.021742325)]",지문이나 기름때가 묻는 것을 방지하며 오염을 쉽게 닦아낼 수 있어요. 엣지부분까지 커버하는 3D로 더더욱 믿음이 가는 판저글래서 <b>아이폰12</b> 미니 강화유리. 내 소중한 아이폰을 지켜죠 :) https://www.frisbeekorea.com
422,4.0,0.8913000226020813,"[(0, 0.021743665), (1, 0.021741498), (2, 0.021740885), (3, 0.021742098), (4, 0.8912885), (5, 0.021743344)]",오묘하니 더 예쁘댜  독특하고 예쁜 폰케이스로 완전 강추강추!!! #iphonecase #아이폰케이스 #아이폰케이스추천 #<b>아이폰12</b>케이스 #<b>아이폰12</b>pro케이스 #<b>아이폰12</b>프로케이스 #핸드폰케이스 #폰케이스 #폰케이스추천
50,4.0,0.8913000226020813,"[(0, 0.021745684), (1, 0.021743746), (2, 0.021748735), (3, 0.02174298), (4, 0.89127624), (5, 0.02174263)]",[ <b>아이폰 12</b> pro 골드 ] #아이폰프로 #<b>아이폰12</b>프로 #<b>아이폰12</b>pro © 글/사진 컁 blog 아 드디어 나의 오랜 숙원사업 드디어 핸드폰 바꾸기 미션 클리어 한참 아이폰만 쭈욱 쓰다가 이제는 갤럭시로 한번 갈아타볼까... 
873,4.0,0.8913000226020813,"[(0, 0.021743504), (1, 0.021742167), (2, 0.021746749), (3, 0.021743746), (4, 0.89127624), (5, 0.02174766)]","강화유리 백패널 ESR 아이스쉴드 <b>아이폰12</b>케이스 간만에 들고온 핸드폰 케이스 리뷰우우! 아이폰 6s+를 5년간 사용하던 도중 핸드폰이 버벅버벅거리길래 12 pro max로 건너뛰었습니다. 냉장고, 세탁기 같은... "
698,4.0,0.8913000226020813,"[(0, 0.02175647), (1, 0.021747172), (2, 0.021747105), (3, 0.021745818), (4, 0.89125717), (5, 0.02174633)]",랏뚜입니다 'ㅅ' 제가 거의 2년동안 아이폰 XR을 사용하다가 <b>아이폰 12</b>로 핸드폰을 바꾸게 되었습니다 ㅎㅎ 다들 <b>아이폰 12</b> Pro Max 크기가 너무 커서 불편하다고들 하시던데 저는 크기가 커서 샀습니다 ㅎㅎ... 
795,4.0,0.8913000226020813,"[(0, 0.021751715), (1, 0.02174311), (2, 0.021741185), (3, 0.021748397), (4, 0.89126706), (5, 0.02174848)]",시작할게요 아이폰8을 약3년간 사용하면서 전혀 불편함이 없었고 <b>아이폰12</b>와 <b>아이폰12</b>pro사이에서... 그런점에서 이번 12pro를 꼭 바꾸고 싶었어요 또 최근 몇년간 매번 똑같은 디자인에서 가장 많은 변화가 있는... 
73,4.0,0.8913000226020813,"[(0, 0.021745026), (1, 0.021743434), (2, 0.02174138), (3, 0.02174412), (4, 0.89128435), (5, 0.021741707)]",두근두근 제 핸드폰은 <b>아이폰12</b> 프로맥스 골드에요. 짜잔 착용 완료했어요! 아이폰 사과 모양이 고양이의 심장에 위치해 있어서 마치 심장이 뛰고 있는 듯한 느낌을 줘요 ㅎㅎ 심쿵! 이런 느낌 요리보고 조리... 
583,4.0,0.8913000226020813,"[(0, 0.021742262), (1, 0.021755073), (2, 0.021743467), (3, 0.021745019), (4, 0.8912728), (5, 0.021741424)]",<b>아이폰12</b> mini는 $699 부터 시작하고 <b>아이폰12</b>는 $799 부터 시작합니다. AirTags 와 보라색 아이폰 모델이 한정 수량으로만 제공될 것이라는 징후는 없지만 출시일 배송을 받으려면 항상 일찍... 
939,4.0,0.8913000226020813,"[(0, 0.021743841), (1, 0.021748459), (2, 0.021741824), (3, 0.021751998), (4, 0.8912703), (5, 0.021743562)]",#아이폰케이스추천 #아이폰케이스 #<b>아이폰12</b>프로케이스 #놉케이스 #NOBB케이스 구매는 아래 사이트에서 깔끔하게 케이스에 넣어서 온 케이스!! 꺼내서 만지자마자 부드러워서 놀랐다. 실리콘 케이스라서 쫄깃한... 
810,4.0,0.8913000226020813,"[(0, 0.021744536), (1, 0.021743445), (2, 0.021744102), (3, 0.021740045), (4, 0.89128613), (5, 0.021741755)]",요금제를 변경했으면 아이폰8에서 유심을 제거한 후 그 유심을 <b>아이폰12</b>로 원위치 시킵니다. <b>아이폰12</b>에서 통신사 신호를 잡는데.. 한번에 못 잡네요. 유심을 뺐다가 다시 끼웁니다. 이번에는 LTE KT로 잘... 
130,4.0,0.8913000226020813,"[(0, 0.02174459), (1, 0.021743882), (2, 0.021743039), (3, 0.021748122), (4, 0.8912735), (5, 0.021746904)]","얼마전에 바꾼 제 <b>아이폰 12</b>프로에 새옷을 입혀주었어요! 이렇게~! 내가 원하는 컬러로 선택해서... &gt; 실물이 진짜진짜 예쁜 아이폰 케이스에요.ㅠㅠ 자칫 밋밋할뻔한 셀카도, 케이스티파이 케이스와 함께면... "
129,4.0,0.8913000226020813,"[(0, 0.021741746), (1, 0.021741493), (2, 0.021741018), (3, 0.02174177), (4, 0.8912912), (5, 0.0217428)]",#아이폰케이스 #아이폰그립톡케이스 #샌더소니케이스 #<b>아이폰12</b>링홀더케이스 #링홀더케이스 #아이폰링홀더케이스 #아이폰케이스추천 #아이폰퍼플케이스 #<b>아이폰12</b>퍼플케이스
773,4.0,0.8913000226020813,"[(0, 0.021744478), (1, 0.02174446), (2, 0.021743856), (3, 0.021748465), (4, 0.8912762), (5, 0.021742543)]",물론 이번에 산건 <b>아이폰12</b> pro라 크기가 더 크긴 하죠 ㅎㅎ 아이폰8을 쓰는 4년 사이에 제가 바뀐건 핑크핑크 좋아하던 제가 이제 핑크를 좋아하지 않게되었다는 것... 늙었다는 거.... ㅠㅠ 그리고 한 가지... 
973,4.0,0.8913000226020813,"[(0, 0.021742731), (1, 0.021748958), (2, 0.021746723), (3, 0.021742042), (4, 0.8912734), (5, 0.021746138)]",끼움 에어포켓 범퍼 투명케이스 여러 <b>아이폰</b> 케이스를 사용해봤지만 결국은 돌고돌아 투명케이스로... 투명케이스 중에서 제일 얇은게 젤리케이스인데 젤리는 나중에 변색도 심하고 <b>아이폰</b> 보호가 안되는게... 
935,4.0,0.8913000226020813,"[(0, 0.021741658), (1, 0.021741765), (2, 0.021743659), (3, 0.021741746), (4, 0.8912888), (5, 0.021742392)]","프로 <b>아이폰12</b>케이스 깔끔하고 변색없는 ESR 투명케이스 아이폰케이스 ESR 아이스쉴드 에센셜케이스 아이폰을 한번도 안써본 나도 아는 것은 아이폰은 갱장히, 아주 센서티브 하다는 것이다 그래서 아무... "
834,4.0,0.8913000226020813,"[(0, 0.02174513), (1, 0.021742953), (2, 0.021743225), (3, 0.021742893), (4, 0.891283), (5, 0.021742783)]",손의 지문 때문에 유광인 제품들은 늘 신경이 쓰이곤 했는데 케이스를 끼워서 오히려 더 고급스러워진 아이폰이 완성되는 느낌이기도 했네요. 애정하는 내 <b>아이폰 12</b> pro!! 생폰의 그립감이 참 좋은 제품인데... 
750,4.0,0.8913000226020813,"[(0, 0.021743186), (1, 0.021741278), (2, 0.021740403), (3, 0.021741018), (4, 0.891291), (5, 0.021743162)]",#폰케이스 #모모케이스 #아이폰케이스 #<b>아이폰12</b>프로케이스 #폰케이스추천 #<b>아이폰12</b>프로하드케이스... 그리고 12프로가 내 손에는 큰 편이라서 팝톡 쓰니깐 한 손으로 잡는 게 딱임 ㅋㅋㅋㅋㅋㅋ 겁나 편함... 
113,4.0,0.8913000226020813,"[(0, 0.021741727), (1, 0.021743318), (2, 0.021743115), (3, 0.021741366), (4, 0.8912897), (5, 0.021740746)]",<b>아이폰12</b>프로맥스 강화유리필름은 처비캣에서 구입 핸드폰을 깨끗하게 잘 가지고 다니다가 펜트리에서... 처비캣 제품은 3D 강화유리로 아이폰 테투리 곡면과 거의 일치하도로 제작이 되어 있고 또 무엇보다... 
313,4.0,0.8913000226020813,"[(0, 0.02174927), (1, 0.021741536), (2, 0.02174795), (3, 0.021745984), (4, 0.89127487), (5, 0.021740472)]",처피캣 <b>아이폰12</b>프로 강화유리필름을 주문했다 깔끔하게 뽁뽁이로 감싸진채로 도착 구성품은 이렇게... 끝 아이폰프로12에 딱 맞춰진 가이드틀이라서 그냥 쏙 들어가는게 신기 그자체 열심히 붙였는데..... 
319,4.0,0.8913000226020813,"[(0, 0.021746108), (1, 0.021749187), (2, 0.021741617), (3, 0.021744212), (4, 0.89127487), (5, 0.021743968)]",참고해주세요 ▼▼▼ #<b>아이폰12</b>강화유리 #<b>아이폰12</b>프로맥스강화유리 #<b>아이폰12</b>강화유리추천 #<b>아이폰12</b> #아이폰강화유리 #판저글래스 #<b>아이폰12</b>프로맥스강화유리필름 #<b>아이폰12</b>프로맥스강화유리추천... 
940,4.0,0.8913000226020813,"[(0, 0.021746172), (1, 0.021740144), (2, 0.021742474), (3, 0.021743862), (4, 0.8912808), (5, 0.02174652)]","이번에 해당 서비스를 통해 <b>아이폰 12</b> 미니, 프로 맥스 등을 일반 주문 및 사전 예약을 통해 구매하고 개통한 고객에 한해 중고 아이폰 또는 갤럭시폰 반납 시 특별가로 보상받을 수 있는데요. 주문서 작성 시... "
372,4.0,0.8913000226020813,"[(0, 0.021740418), (1, 0.021745859), (2, 0.021743076), (3, 0.02174045), (4, 0.8912866), (5, 0.021743586)]",먼지가 살짝 묻었는지 기포가 살짝..ㅜㅜ 그 다음은 기존 사용하던 아이폰7플러스에 있던 유심칩을 <b>아이폰12</b>미니로 옮겼어요. 유심칩을 장착하고 전원을 켰습니다. 언어세팅 화면이 가장 먼저 뜹니다. 그다음... 
907,4.0,0.8913000226020813,"[(0, 0.021743879), (1, 0.02174073), (2, 0.021742959), (3, 0.021741938), (4, 0.8912823), (5, 0.021748243)]","카메라만 아니면 <b>아이폰12</b> 미니를 한 달여간 실사용하며 뛰어난 휴대성과 안정적인 그립감이 너무... 아이폰 미니 12에서 프로로 바꾸면서 불편한 점은 딱 한 가지, 휴대성입니다. 미디어 감상할 때만큼은 확실히... "
903,4.0,0.8913000226020813,"[(0, 0.021745624), (1, 0.021745933), (2, 0.02174378), (3, 0.021742383), (4, 0.89128095), (5, 0.021741316)]",슬림한 케이스 zero03 정말 정말 슬림한 끼움 <b>아이폰 12</b>미니 슬림케이스 zero03 슬림함에 적합한 스키니함!... 빈틈없는 1:1 설계로 아이폰과 완벽하게 하나가 될 수 있도록 만들었다고 해요. 쬐끔 끼는게... 
143,4.0,0.8913000226020813,"[(0, 0.021742867), (1, 0.021742087), (2, 0.021743324), (3, 0.021744404), (4, 0.8912828), (5, 0.021744495)]","#<b>아이폰12</b>퍼플 #컬러감미쳤 실물은 훨씬 파스텔톤의 연보라이다. 보라색 좋아하는 사람 이거 진짜 탐날듯 한데... 색이 워낙 독특해서 금방 질리진 않을지 조금 걱정이긴 하지만, 몇년째 아이폰 유저기 때매... "
727,4.0,0.8912000060081482,"[(0, 0.021756535), (1, 0.021744117), (2, 0.021751666), (3, 0.021749727), (4, 0.8912461), (5, 0.021751873)]",<b>아이폰12</b>프로맥스 구입하고 언박싱 이후 깨벗고 있으니 진짜 손으로 만지기도 아깝더라구요. 테두리가 스틸이라 만지는대로 손자국은 생기고 닦아도 닦아도 만지는대로 지문인증이 팍팍! 바로 케이스 주문... 
197,4.0,0.8912000060081482,"[(0, 0.021751037), (1, 0.021750001), (2, 0.021751767), (3, 0.02175073), (4, 0.8912463), (5, 0.02175015)]",어떻게 이런 저렴한 가격에 구매를 했는지 여러분들께 상세하게 소개해 드리면서 <b>아이폰12</b>미니 스펙에 대해서도 살짝 얘기를 드려볼까 해요. iphone 12 미니 작지만 강한 스펙 iphone 12 미니는 미니 라인인만큼... 
688,4.0,0.8912000060081482,"[(0, 0.021753682), (1, 0.021744737), (2, 0.021759128), (3, 0.021750046), (4, 0.8912455), (5, 0.021746969)]",함끼바라 <b>아이폰12</b>프로 케이스 후기 #함끼바라 #함끼바라 처음에는 이름이 뭐지? 했는데 경상도에서 시작된 쇼핑몰이라 함~ 끼바라~ 요거였어요 독특한 이름의 쇼핑몰의 #튼튼한아이폰케이스 직접... 
180,4.0,0.890999972820282,"[(0, 0.021745337), (1, 0.021741455), (2, 0.021741947), (3, 0.021747777), (4, 0.8909772), (5, 0.022046253)]",위에가 <b>아이폰12</b>프로맥스 아래가 슈퍼쉘 에어슬림 케이스 촉감까지 좋아서 안끼운것보다 훨씬... 약간 <b>아이폰12</b>프로맥스라고 티내는거같은 그런느낌ㅋㅋㅋㅋ 물론 저만의 느낌이긴하지만ㅋㅋㅋㅋ 그래도... 
805,4.0,0.8611000180244446,"[(0, 0.027782546), (1, 0.02778116), (2, 0.027796619), (3, 0.02778138), (4, 0.861065), (5, 0.02779333)]",12 pro max 기변으로 적당한 케이스를 찾아봤습니다. 공홈을 뒤져보니 이젠 MagSafe형의 실리콘과... 참고해 주세요. #<b>아이폰12</b>케이스 #<b>아이폰12</b>promax케이스 #아이폰실리콘케이스 #수제이케이스
702,4.0,0.8611000180244446,"[(0, 0.027787881), (1, 0.027791094), (2, 0.027783982), (3, 0.027788822), (4, 0.86106896), (5, 0.027779264)]",'아이폰이니 무조건 보호해야한다' 라고..ㅎㅎ 그래서 바로~~~ 보호가드! 강화유리랍니다~~~ 이 카메라... 둘다 <b>아이폰 12</b>프로인데요~~ 둘다 액정필름 변경 완료했습니다!!ㅎㅎ 혹시나 <b>아이폰12</b>프로 필름 구매하실... 
604,4.0,0.8611000180244446,"[(0, 0.027783234), (1, 0.027780784), (2, 0.027781738), (3, 0.027779862), (4, 0.86109173), (5, 0.027782641)]","사용하고 있는 것 같아요~ 편의성, 안정성, 디자인 모든 조건을 충족해주는 실리콘케이스로 인정합니당!! #아이폰실리콘케이스 #아이폰케이스 #실리콘케이스 #아이폰실리콘스마트링케이스 #<b>아이폰12</b>프로케이스"
654,4.0,0.8611000180244446,"[(0, 0.02778258), (1, 0.027788527), (2, 0.027781695), (3, 0.027787078), (4, 0.86107683), (5, 0.027783277)]",(의식의 흐름) 손이 작은 편인데도 한 손에 쑉 들어와서 참 좋아요 호호 이제 할부 2개월 남았지만 조금도 후회하지 않아요!!! 여러분 아직 늦지 않았어요!!!!! #아이폰 #아이폰미니 #<b>아이폰12</b>미니 #<b>아이폰12</b>
656,4.0,0.8611000180244446,"[(0, 0.027783409), (1, 0.027784709), (2, 0.027788147), (3, 0.027785916), (4, 0.8610782), (5, 0.027779657)]",모모케이스에서 <b>아이폰12</b>프로케이스를 주문하고 1~2일만에 배송을 받았는데요 주문 폭주라고 해서 좀 길게 걸릴줄 알았는데 생각보다 빠르게 받아볼 수 있었어요 ㅎㅎ 아이폰프로케이스와 팝톡은 체크무늬로... 
863,4.0,0.8611000180244446,"[(0, 0.02778336), (1, 0.027782114), (2, 0.027781285), (3, 0.02778663), (4, 0.8610836), (5, 0.027782962)]",지난 1월 <b>아이폰12</b>프로를 샀어요. 아이폰SE2를 구입한지 6개월만에 다시 폰을 사게되다니.. 그것도 무려 <b>아이폰12</b>pro!!! 정초부터 계획이 없던 큰 지출을 하게된건 조카때문이예요. 아이폰se를 사면서 물려줬던... 
842,4.0,0.8611000180244446,"[(0, 0.027789604), (1, 0.027780965), (2, 0.027780596), (3, 0.027783867), (4, 0.8610796), (5, 0.027785424)]","슬림해진 좌:아이폰6s, 우:<b>아이폰12</b>미니 화질은 유명한 OLED!! 사이드 베젤이 예전 아이폰생각나게 합니다. 예전 아이폰4에 일명 깻잎통조림! 각진 모서리 디자인으로 그립감이 휠씬 더 좋습니다. 오빠가 6s보다... "
711,4.0,0.8611000180244446,"[(0, 0.027785951), (1, 0.027781028), (2, 0.027780754), (3, 0.027783541), (4, 0.86108357), (5, 0.027785163)]",사용했고 아이폰 병에 빠져 아이폰 5s를 구매 한 것이 첫 경혐이었다 이 때 약 1개월간의 아이폰... 아직도 12와 고민중이다 어쨋든 길었던 서론을 마치고 <b>아이폰 12</b> 미니가 국내에 정발하자마자 사전예약 걸고... 
818,4.0,0.8611000180244446,"[(0, 0.027786031), (1, 0.027786698), (2, 0.027789237), (3, 0.027789194), (4, 0.8610587), (5, 0.027790142)]","가격도.. 6,900원이면 괜찮은 것 같은데요!?ㅎㅎ 카메라 보호가 가능하다는 특장점도 있구요! 장난감같이 귀여운 아이폰으로 연출하고 싶으신 분들께! navipark <b>아이폰 12</b> 미니 하드케이스 추천드립니다!ㅎㅎ"
106,4.0,0.8611000180244446,"[(0, 0.027778976), (1, 0.027784673), (2, 0.027786933), (3, 0.027781045), (4, 0.8610896), (5, 0.027778804)]",그립톡도 위치 잘 잡아서 쓰기 편하고 그 전이 아이폰x였는데 아이폰x도 무게가 좀 있다 싶었는데 확실히 <b>아이폰 12</b>프로가 더더더 무거워서 그립톡이 더 필수가 되었어요. 이제 없으면 엄청 불안해요. 안 써본... 
877,4.0,0.8611000180244446,"[(0, 0.027781963), (1, 0.027781023), (2, 0.027781287), (3, 0.02777996), (4, 0.8610891), (5, 0.027786665)]",<b>아이폰12</b>프로케이스 with 모모케이스 봄맞이로 좀 화사한 컬러의 핸드폰케이스로 바꾸고 싶어서 폰케이스쇼핑몰 모모케이스 에서 또 귀여운 쿼카케이스 를 골라왔당 &gt;_&lt; <b>아이폰12</b>pro케이스 &amp; 아크릴 그립톡... 
900,4.0,0.8611000180244446,"[(0, 0.027784316), (1, 0.027781544), (2, 0.027781883), (3, 0.027783519), (4, 0.8610875), (5, 0.027781285)]",그래서 선택한 아이폰이었다. 잠금 화면이 온통 검정색이라 그라파이트도 괜찮다싶었는데 골드가 입고되었다고 제자한테 연락이 왔다. 골드와 어울릴만한 배경화면으로 낙점했다. 후지필름 X-T1과 <b>아이폰12</b>... 
943,4.0,0.8611000180244446,"[(0, 0.027780283), (1, 0.02778013), (2, 0.027782105), (3, 0.027783219), (4, 0.8610938), (5, 0.02778043)]",<b>아이폰12</b> 미니 강화유리 액정필름 &amp; 케이스 / 카루망코리아 아이폰7을 끝으로 쭉~ 갤럭시만을 사용해오다가 이번에 <b>아이폰12</b>미니로 다시 애플 생태계에 복귀하였다. 아이폰7 사용 당시 만족감이 컸던 액정필름... 
152,4.0,0.8611000180244446,"[(0, 0.027786817), (1, 0.027785292), (2, 0.027784303), (3, 0.027787784), (4, 0.8610742), (5, 0.02778164)]","그랩비 <b>아이폰12</b>용 실리콘 케이스 링크 #<b>아이폰12</b>미니케이스, #<b>아이폰12</b>미니, #그랩비 #가성비케이스, #<b>아이폰12</b>미니실리콘케이스 #바나나크림 #노란색 Copyright ⓒ by Aquarine. 20210422 iPhone12mini"
164,4.0,0.8611000180244446,"[(0, 0.027780863), (1, 0.027782926), (2, 0.027785946), (3, 0.02778293), (4, 0.86108494), (5, 0.027782388)]",3월말에 시킨게 한국에 들어왔는 데 잠적함 ㅋㅋㅋㅋㅋㅋㅋㅋㅋㅋㅋㅋㅋㅋㅋㅋㅋㅋㅋ 7월 12일 배송이래^^ #알리 #알리익스프레스 #아이폰케이스 #아이폰홀로그램케이스 #아이폰오로라케이스 #<b>아이폰12</b>케이스... 
94,4.0,0.8611000180244446,"[(0, 0.027782364), (1, 0.027788568), (2, 0.02778937), (3, 0.027787557), (4, 0.86107224), (5, 0.027779894)]",바림 12 범퍼케이스에요! <b>아이폰 12</b> 범퍼케이스 미니로 사용해봤어요. 끼움 에어포켓 범퍼 케이흐 <b>아이폰 12</b> 미니 사용했어요. 받자마자 튼튼해서 필름을 안붙인 제 아이폰을 잘 보호해줄거 같았어요 ㅋㅋㅋㅋ... 
206,4.0,0.8611000180244446,"[(0, 0.02778352), (1, 0.027780995), (2, 0.027788207), (3, 0.027780008), (4, 0.8610857), (5, 0.027781552)]",봉봉 생일선물로 선사한 <b>아이폰12</b> 프로 골드 개봉기 입니다ㅎ 봉봉이 이참에 같이 아이폰으로 바꾸자고 성화~ 음~~ 전 사실 통화중 녹음이 필수이고 삼성페이도 넘나 편하게 잘사용중이기에 아이폰은 제겐 크게... 
209,4.0,0.8611000180244446,"[(0, 0.027784627), (1, 0.027782999), (2, 0.027785687), (3, 0.02778611), (4, 0.861077), (5, 0.027783554)]","극강의 성능을 자랑하는 <b>아이폰12</b>프로 댓글 0 기타 2021. 2. 25. <b>아이폰12</b> , <b>아이폰12</b>프로 <b>아이폰12</b>... 디자인은 역시 아이폰이라는 이야기가 나올 정도로 한계까지 밀어붙인 완벽한 디자인입니다. 슈퍼 레티나 XDR... "
88,4.0,0.8611000180244446,"[(0, 0.027787447), (1, 0.027787132), (2, 0.027783055), (3, 0.027780132), (4, 0.861069), (5, 0.027793188)]",공폰 아이폰7플러스로 견뎌볼랬는데 이것저것 많이 쓰니까 애가 어제 자꾸 화면이 날아가서 새로함 너무 이쁘다~ #<b>아이폰12</b>/128기가 아이스커피의 계절이 왔다 어재부터 급 더움 얼음꽉꽉 채우고 있고 변호사?... 
282,4.0,0.8611000180244446,"[(0, 0.0277826), (1, 0.02778425), (2, 0.027780518), (3, 0.027781395), (4, 0.86108583), (5, 0.027785363)]",저희 엄마도 보라색을 굉장히 좋아하시고 마침 사용하던 아이폰8플러스가 버벅대는 통에 <b>아이폰12</b>퍼플로 바꿔드릴까싶어 열심히 <b>아이폰12</b>퍼플구매꿀팁 정보를 알아보러 다니고 있습니다. 그런데말입니다... 
359,4.0,0.8611000180244446,"[(0, 0.027787238), (1, 0.027782412), (2, 0.027779335), (3, 0.02778285), (4, 0.86108524), (5, 0.027782897)]",이번 아이폰 퍼플색상은 95만원부터 시작하네요. Mini 64GB 기준 iPhone12 퍼플은 4월 23일 오후 9시부터 사전예약이 시작하네요. 4월 30일 출시 ▲위 이미지 클릭시 쿠팡 <b>아이폰12</b> 64GB 퍼플 공기계... 
390,4.0,0.8611000180244446,"[(0, 0.027784958), (1, 0.027783446), (2, 0.027785525), (3, 0.027785014), (4, 0.8610761), (5, 0.027784988)]",<b>아이폰 12</b> 프로가 생기기 전까지 아이폰 7을 쓰고 있었는데 그동안 전화를 해도 전화를 안받는 다는 컨플레인이 잦았던지라 바꿀때가 된건가 했었는데 버튼없는 <b>아이폰12</b>프로는 불편하지 않을까 생각했는데... 
411,4.0,0.8611000180244446,"[(0, 0.02778151), (1, 0.027780809), (2, 0.027780302), (3, 0.027784275), (4, 0.86109215), (5, 0.027780922)]",그런 <b>아이폰 12</b> 미니를 더욱 빛나게 해줄 0.3mm의 세상에서 가장 얇은 케이스 아이폰 떨굴까봐 두꺼운 케이스 끼우려다가 이렇게 얇은 케이스를 끼워보니 그 슬림한 맛이 최고였어요 얇으면서 가볍기 까지한데... 
383,4.0,0.8611000180244446,"[(0, 0.027780123), (1, 0.027781386), (2, 0.027784025), (3, 0.027781427), (4, 0.8610896), (5, 0.027783474)]",이번에 제 남동생이 <b>아이폰12</b> 미니로 핸드폰을 바꿨어요 ^^ 원래는 아이폰8을 쓰고 있었는데 <b>아이폰12</b>미니로 바꾸니 크기가 작아 휴대성이 훨씬 좋아졌다고 하더라구요 크기가 작아진 만큼 떨어트릴까봐... 
431,4.0,0.8611000180244446,"[(0, 0.027779052), (1, 0.027782371), (2, 0.027782658), (3, 0.027779054), (4, 0.86109585), (5, 0.027781004)]",<b>아이폰12</b>미니강화유리보호필름 #아이폰강화유리보호필름 #아이폰보호필름 #아이폰강화유리보호필름추천 #스코코보호필름 #스코코 #스코코강화유리보호필름 #스코코아이폰보호필름 #스코코<b>아이폰12</b>미니보호필름
466,4.0,0.8611000180244446,"[(0, 0.027782505), (1, 0.027785627), (2, 0.02778653), (3, 0.02778551), (4, 0.8610762), (5, 0.027783649)]",기존 <b>아이폰12</b> 시리즈에서 크기가 작은 아이폰을 원하는 고객층이 있기 때문이다. 손이 작거나 혹은 한손으로 자유롭게 스마트폰을 사용하고 싶은 사용자들은 <b>아이폰12</b> 미니에 매력을 느낄 수 밖에 없기... 
894,4.0,0.8611000180244446,"[(0, 0.027781405), (1, 0.027784072), (2, 0.02778344), (3, 0.02778224), (4, 0.8610843), (5, 0.02778457)]",놀랍게도 아이폰 11 실리콘 케이스와 착용방법이 달라짐. 그때는 분명히 윗쪽 두 모서리부터 넣고... <b>아이폰12</b> 제품이니만큼 핸드폰에 찰싹 달라붙으라고 맥세이프 모양으로 자석도 붙어 있나보다.
53,4.0,0.8611000180244446,"[(0, 0.027787747), (1, 0.027784113), (2, 0.027783405), (3, 0.027789166), (4, 0.8610736), (5, 0.027782004)]",일단 24개월 할부 다 갚을 때까진 무족권 쓰는거구 ㅋㅋㅋㅋㅋㅋ 앞으론 <b>아이폰12</b>로 고퀄 사진 찍을 생각하니 어깨춤이 절로 나는구나~~~~ 덩실덩실~~ #<b>아이폰12</b>퍼플 #<b>아이폰12</b> #보라색아이폰 #아이폰언박싱 #iphone12
524,4.0,0.8611000180244446,"[(0, 0.027780497), (1, 0.027781224), (2, 0.027780358), (3, 0.027785275), (4, 0.86109203), (5, 0.027780572)]",진작 이걸로 살걸!! 이제는 아재에서 벗어나 감성의 아이폰과 함께!! ㅎ 아이폰은 언제쯤 편안하게 전자 페이를 사용할 수 있는 날이 올지.. 끼움 <b>아이폰 12</b> pro 슬림 케이스 Zero 03 https://www.balim.co.kr/304/?idx=330
521,4.0,0.8611000180244446,"[(0, 0.027792959), (1, 0.02778267), (2, 0.027788373), (3, 0.027782714), (4, 0.86105824), (5, 0.027795045)]",폰을 <b>아이폰12</b>프로맥스로 바꾸면서 작년에 삿던 케이스는 바이바이 했거든요~ 그래서 저의 새로운... 티피티포 <b>아이폰12</b>promax케이스 - 실리콘 스트랩 미러톡세트 - 티피티포 실리콘 케이스는 색상이 여러개... 
879,4.0,0.8611000180244446,"[(0, 0.027780894), (1, 0.027786944), (2, 0.027784284), (3, 0.027779661), (4, 0.8610846), (5, 0.02778361)]",내 눈에 이쁘면 그만이지!우히히 <b>아이폰 12</b> 살지 미니 살지 고민했는데... 한 30초 고민하고 바로 미니... 폰 꾸미기 한창 아이폰 업데이트 하면서 폰꾸 대란(?) 일어났을 때 와... 이뿌다...하고 보고만 있었기에... 
511,4.0,0.8611000180244446,"[(0, 0.02778231), (1, 0.027786661), (2, 0.027788455), (3, 0.027792538), (4, 0.86106926), (5, 0.027780777)]",아이폰 카메라보호케이스 <b>아이폰12</b> 범퍼케이스 navipark 사용해봤어요~!ㅎㅎ <b>아이폰12</b> 카메라보호케이스와 <b>아이폰12</b> 범퍼케이스~^^ 카메라 렌즈가 2개 달린 <b>아이폰12</b>를 사용하다보니 아무래도 카메라... 
499,4.0,0.8611000180244446,"[(0, 0.02778697), (1, 0.027787913), (2, 0.027787609), (3, 0.027783034), (4, 0.8610703), (5, 0.027784206)]","<b>아이폰12</b>프로, <b>아이폰12</b>프로맥스 기종만 가지고 있는 아이폰 전용 케이스 입니다 모서리케이스를 보호하기 위해서 상/하면이 1mm가 높게 제작되었습니다 나하로 <b>아이폰12</b>프로맥스케이스는 무엇보다도 얇다는게... "
58,4.0,0.8610000014305115,"[(0, 0.027795294), (1, 0.027790563), (2, 0.027784862), (3, 0.027792385), (4, 0.86104244), (5, 0.027794452)]",ㅠ 클릭하면 더 커집니다 아이폰 8 plus 우리곰돌이 왤케 아련해..? 이거시 말그대로 안습..? 머리가 두개라서 슬픈 짐승..? <b>아이폰 12</b> pro 올ㅋ 폰으로 볼땐 잘 모르겠던데 모니터로 크게보니 확실히 12프로가 더... 
910,4.0,0.807699978351593,"[(0, 0.03847406), (1, 0.03846502), (2, 0.038465545), (3, 0.03846875), (4, 0.8076575), (5, 0.03846909)]",필릿 <b>아이폰12</b> 온앤오프 폰케이스 #필릿 #필릿폰케이스 #<b>아이폰12</b> #<b>아이폰12</b>폰케이스 #<b>아이폰12</b>케이스 #<b>아이폰12</b>폰케이스추천 #<b>아이폰12</b>프로 #필릿온앤오프폰케이스 #<b>아이폰12</b>프로케이스 우하하 <b>아이폰12</b>프로를... 
320,4.0,0.807699978351593,"[(0, 0.038462155), (1, 0.038469814), (2, 0.038475532), (3, 0.03846416), (4, 0.80766076), (5, 0.03846764)]",아이폰미니/<b>아이폰12</b>/pro 배경화면 예쁜거 공유해볼게용 아이폰 새로사면 이것저것 꾸미고 싶잖아요... 그냥 심플한 사진들 ㅎㅎ 내일이면 12월이라니.. 연말은 싱숭생숭 한데..ㅎㅎ 다들 한해 잘 마무리... 
710,4.0,0.807699978351593,"[(0, 0.038467094), (1, 0.0384666), (2, 0.03847628), (3, 0.038464826), (4, 0.807651), (5, 0.03847423)]",ㅜㅜㅜㅜㅜ 실물 컬러 쨍하니 넘 이쁜걸 퍼플 컬러 넘 잘뽑았다ㅜㅜ <b>아이폰12</b> 퍼플 vs 아이폰11 연보라 비교 아이폰11 연보라인 내 폰이랑 <b>아이폰12</b> 퍼플 컬러 비교! 12가 더 쨍하고 채도가 높당 11 급... 
358,4.0,0.807699978351593,"[(0, 0.038463145), (1, 0.038464528), (2, 0.038475376), (3, 0.03846442), (4, 0.8076695), (5, 0.038462978)]","<b>아이폰12</b>프로 무광케이스와 아이폰xr무광 케이스~ 2개 주문~ 아이수트라는 회사의 제품인데, 제작보다는 수입업체인듯? 싶다... 제품의 포장은 무난한 비닐포장~~ 가격도 저렴하기에 포장은 뭐 크게 불만이 없다.... "
240,4.0,0.807699978351593,"[(0, 0.038464595), (1, 0.038469955), (2, 0.038473804), (3, 0.038469147), (4, 0.80765915), (5, 0.03846334)]","그리고 도착한 <b>아이폰12</b>미니케이스! 비치는 것만으로도 아주 얇고 슬림한 게 느껴져요. 아이폰은... 배송 ★★★★★ 퀄리티 ★★★★☆ 재구매의사 ★★★★★ insta @ttoriring shot on iphone12 mini, no filter"
371,4.0,0.807699978351593,"[(0, 0.038465884), (1, 0.038467743), (2, 0.038468093), (3, 0.03847504), (4, 0.8076538), (5, 0.038469482)]",※ <b>아이폰12</b>프로맥스 사진입니다 ※ 인덱스 서점 Index @성수동 책을 읽는 사람이 점점 줄어든다지만... #인덱스서점 #커먼그라운드 #독립서점 #큐레이션 #<b>아이폰12</b>프로맥스사진 읽고 싶은 책. 여기 맛있나요?... 
844,4.0,0.807699978351593,"[(0, 0.038466793), (1, 0.038465045), (2, 0.038466122), (3, 0.038467642), (4, 0.8076673), (5, 0.03846704)]",마세요 <b>아이폰 12</b> 폴라로이드 카메라 필름 감성 케이스 감성충만 기억하고 싶은 그 순간을 남겨 보세요... 사용하기 편한 그립감 과 감성적인 디자인 의 케이스 <b>아이폰 12</b> 폴라로이드 카메라 필름 감성 패션 케이스
196,4.0,0.807699978351593,"[(0, 0.03846776), (1, 0.03846632), (2, 0.038467165), (3, 0.03847163), (4, 0.80765593), (5, 0.03847117)]","유후후후~ 7에서 12로 넘어오니 아이구야, 스마트폰 기술이 너무 너무 좋아졌어요!! 그래서 셀카 찍는... #<b>아이폰12</b>프로맥스케이스 #<b>아이폰12</b>promax #<b>아이폰12</b>promax케이스 #아이폰케이스 #폰케이스추천"
49,4.0,0.807699978351593,"[(0, 0.03846387), (1, 0.038462926), (2, 0.03846731), (3, 0.038466733), (4, 0.8076724), (5, 0.038466826)]",리얼 카본 넣은 <b>아이폰12</b> 프로맥스 케이스 스포츠카 내장재로 활용되는 카본인 만큼 가볍고 튼튼하다는... 어설프게 카본 케이스라고 구매했는데 아이폰 수신 안테나가 떨어지면 곤란하겠죠. 비싼 값을 하는만큼... 
852,4.0,0.807699978351593,"[(0, 0.038469557), (1, 0.038462106), (2, 0.03847291), (3, 0.03846691), (4, 0.8076648), (5, 0.03846369)]",데켄스 <b>아이폰12</b>미니케이스애오 ㅎㅅㅎ 케이스 포장지에 데켄스 정품인증 홀로그램스티커도 뙇... 핸드폰케이스사면 보호필름이 따라옵네댜 껄껄 이번에 고른 <b>아이폰12</b>미니케이스는 데켄스의 매트디자인인... 
891,4.0,0.807699978351593,"[(0, 0.03847451), (1, 0.03846341), (2, 0.03846726), (3, 0.038468752), (4, 0.80765235), (5, 0.03847368)]",naver.com/healingshield/products/5190234999 힐링쉴드 <b>아이폰 12</b>pro 투명케이스 추천합니당! #힐링쉴드 #힐링쉴드아이폰 #아이폰케이스 #아이폰투명케이스 #<b>아이폰12</b>케이스
537,4.0,0.807699978351593,"[(0, 0.038465712), (1, 0.038465545), (2, 0.03846458), (3, 0.038467906), (4, 0.80767334), (5, 0.038462896)]","그래서 케이스의 굵기가 조금이라도 굵어지거나 커지면 핸드폰의 그립감이 안 좋아지고 무거워져요ㅠ_ㅠ 그래서 씬케이스 찾고 있었는데, 끼움 아이폰 케이스를 찾았어요! 끼움 <b>아이폰 12</b>프로맥스 슬림... "
916,4.0,0.807699978351593,"[(0, 0.038463954), (1, 0.038466122), (2, 0.038464755), (3, 0.038462695), (4, 0.8076781), (5, 0.03846431)]",https://www.youtube.com/watch?v=EZsKKp7U0Ts #아이폰보호필름 #아이폰필름 #아이폰액정필름 #아이폰카메라강화유리 #<b>아이폰12</b>보호필름 #<b>아이폰12</b>필름 #<b>아이폰12</b>액정필름 #아이폰카메라케이스 #아이폰카메라보호... 
929,4.0,0.8076000213623047,"[(0, 0.038468596), (1, 0.038474433), (2, 0.038469534), (3, 0.038481172), (4, 0.80763054), (5, 0.03847571)]",결정한 <b>아이폰 12</b> 미니로 바꿨지 뭐에요ㅎ 휴대폰 새로 바꾸면 함께 고민되는게 바로 케이스... 5만원이 넘는 가격대라서 살짝 고민을 했지만 새 아이폰이니까ㅎ 케이스티파이 공홈에서 직접 쇼핑해봤어요.... 
887,4.0,0.8076000213623047,"[(0, 0.03847205), (1, 0.038470242), (2, 0.03846735), (3, 0.038467046), (4, 0.807648), (5, 0.038475323)]",회사에서 안 사주면 내돈내산 헤헤 어차피 매달 빠져 나갈 돈이고 매달 할부이자 붙을 바에는 그냥 바로 단말기 값 완납 <b>아이폰12</b> 프로맥스 솔직히 아이폰 사기 직전 까지 갤럭시 폴드2를 혼자 심각하게 고민... 
981,4.0,0.8076000213623047,"[(0, 0.038469464), (1, 0.038475953), (2, 0.038472313), (3, 0.03848503), (4, 0.80762625), (5, 0.038470984)]",아이폰xs 를 일년 육개월째 쓰고 있었는데 위약금을 무릅쓰고 <b>아이폰12</b>미니로 갈아타기 ㅎㅎ 아이폰5 쓸 때 한손에 잡히던 그립감이 너무 좋아서 아이폰se도 진짜 사고 싶었는데 그땐 또 식스 산지가 얼마 안... 
726,4.0,0.8076000213623047,"[(0, 0.03848327), (1, 0.03848785), (2, 0.03848847), (3, 0.038486153), (4, 0.8075828), (5, 0.03847147)]",구입해서 써보세용 #<b>아이폰12</b>미니그립톡 #그립톡추천 #그립톡 #곰돌이그립톡 #테디베어그립톡 #곰돌이얼굴그립톡 #귀여운그립톡 #<b>아이폰12</b>미니 #<b>아이폰12</b>mini #<b>아이폰12</b>미니쌈무그린 #아이폰쌈무그린 #쌈무그린
453,4.0,0.8076000213623047,"[(0, 0.03847975), (1, 0.038465247), (2, 0.03846863), (3, 0.038468473), (4, 0.8076458), (5, 0.03847216)]",유니블랑 사진 : #Canon_EOS_RP | #Canon_RF_24_105mm_F4_L_IS_USM | #KodakGold200-- 분류 : #감성케이스 #유니블랑 #<b>아이폰12</b>미니케이스 #아이폰케이스 #폰케이스 #폰케이스추천 제품명 : 데이지 압화느낌 케이스 구매처... 
778,4.0,0.8076000213623047,"[(0, 0.038480237), (1, 0.038487162), (2, 0.038471382), (3, 0.03846216), (4, 0.8076276), (5, 0.03847146)]","이번에 구입한 #<b>아이폰12</b>프로 를 위한 #아이폰케이스 를 구입했다. 일상생활 할때는 거의 쌩폰으로 사용하고, 아웃도어 활동 할때나 간간히 케이스를 씌우긴 하지만, 어쨌든 케이스 하나는 있어야 했기에. 근데... "
214,4.0,0.8076000213623047,"[(0, 0.038468435), (1, 0.03846827), (2, 0.03846855), (3, 0.038467254), (4, 0.8076496), (5, 0.038477834)]",핸드폰스킨 #핸드폰스티커 #핸드폰케이스 #아이폰스킨 #아이폰핸드폰케이스 #스마트폰케이스 #아이폰컬러스킨 #아이폰필름 #아이폰케이스 #아이폰스마트폰케이스 #<b>아이폰12</b>프로필름 #<b>아이폰12</b>프로케이스
751,4.0,0.8076000213623047,"[(0, 0.038472738), (1, 0.038472388), (2, 0.038467724), (3, 0.038467195), (4, 0.80763674), (5, 0.038483206)]",<b>아이폰12</b> 프로케이스 w.필릿(fillit) 세상 귀여운 폰꾸 나의 소듕한 <b>아이폰12</b>에게 새 옷을 입혀주고 싶어 열심히 검색하다 알게된 세상 귀여운 필릿. 완성된 레고케이스 후기를 보고 또 봐서 그런지 벌써 이렇게만... 
420,4.0,0.8076000213623047,"[(0, 0.03847637), (1, 0.038477954), (2, 0.03846557), (3, 0.038468637), (4, 0.8076399), (5, 0.03847157)]","#소우소우 #sousou #<b>아이폰12</b>미니케이스 #타비양말 #마스킹테이프 #숫자에코백 아이폰X 폰케이스 벼룩으로 보내고 <b>아이폰12</b>미니 케이스를 사야지, 하다가 토요일에 야구장 가기 전에 급 주문을 했다. 만엔 이상이면... "
937,4.0,0.7675999999046326,"[(0, 0.015155657), (1, 0.17177926), (2, 0.015156906), (3, 0.015156053), (4, 0.76759744), (5, 0.015154736)]",안녕하세요 혜블리에용 <b>아이폰12</b>프로맥스 리얼슬림케이스 소개해드릴게용:) '나하로 아이폰 리얼슬림 케이스' 하단에 영상이 있는 포스팅입니다! 긴 기다림끝에 <b>아이폰12</b>프로맥스를 받았습니다... 그래서... 
975,4.0,0.7671999931335449,"[(0, 0.010420233), (1, 0.1911214), (2, 0.010420713), (3, 0.01041829), (4, 0.76719916), (5, 0.010420165)]","안녕하세요 포밍입니다:) <b>아이폰 12</b> 프로 맥세이프 애플정품케이스에 이어, 오늘은 '루나코코'라는... 총 6가지의 색상이 있고, 범퍼케이스처럼 튼튼하면서 깔끔하고 심플한 디자인이랍니다:) 아이폰 8을... "
665,4.0,0.7351999878883362,"[(0, 0.015153268), (1, 0.015155617), (2, 0.015156463), (3, 0.01515564), (4, 0.735177), (5, 0.20420203)]",iPhone 11에서도 인기가 많았던 색상인 만큼 iPhone 12에서도 많은 판매가 이루어질 것으로 보인다 Apple에서 충분한 물량이 공급 될지 주목 되는 바이다. 기존 <b>아이폰 12</b> 출시 당시에도 물량이 주문을 따라가지... 
478,4.0,0.7271999716758728,"[(0, 0.015156147), (1, 0.015155793), (2, 0.21221468), (3, 0.015157034), (4, 0.7271584), (5, 0.01515794)]",내돈내산 <b>아이폰12</b> mini 퍼플 영롱한 보라색 사과를 보시라 ㅠㅠ 원래 보라색 덕후여서 기존에 아이폰11 퍼플 쓰다가 너무 무거워서 갈아탔는데 이번엔 나의 심장을 후려친 퍼플 12미니가 나와서 바로 구매.... 
342,4.0,0.6945000290870667,"[(0, 0.01786501), (1, 0.23409161), (2, 0.017863402), (3, 0.01786172), (4, 0.694455), (5, 0.017863216)]","은 <b>아이폰12</b>프로맥스에는 필요없어보이지만 뭔상관인가요 ㅋㅋㅋ 완벽한 터치감, 하드코팅 하이브리드 고투명유리느낌 저지문 자가복원의 가이드핀이 있는 쉬운부착이 가능한것을 내용물 심플심플 잘붙어라... "
442,4.0,0.6894000172615051,"[(0, 0.25793752), (1, 0.01316223), (2, 0.013162018), (3, 0.013160254), (4, 0.6894178), (5, 0.013160201)]",안녕하세요 <b>아이폰 12</b> 미니 256 자급제폰을 구매해봤어요 배송은 무지 빠른편이고 가격은 116만원... 배송은 정말 간단하게 되어옵니다 이로케~~ 뽁뽁이가 넘치네요 탄탄한 아이폰 박스 ㅎㅎ 벌써 예쁘네요... 
136,4.0,0.6875,"[(0, 0.06250304), (1, 0.06250916), (2, 0.06250072), (3, 0.06250072), (4, 0.6874803), (5, 0.06250613)]",<b>아이폰12</b> 미니를 샀다. 그럭저럭 쓸만해서 계속 쓰던 아이폰8이 참 좋았는데 몇 번 떨구고 나니까 급격히 속도가 느려져서 안되겠더라. 요즘 나오는 폰들은 다 큼지막해서 가장 작은 모델인 <b>아이폰12</b>미니로... 
306,4.0,0.6875,"[(0, 0.06250571), (1, 0.062501356), (2, 0.06250583), (3, 0.06250136), (4, 0.6874681), (5, 0.062517636)]",역시 <b>아이폰12</b>프로 케이스는 투명이 진리죠. 왜냐면 아이폰인걸 자랑해야하거든요!! 말랑한 투명 케이스가 아닌 하드 케이스여서 상당히 견고하더라구요. 여성분들이라면 취향 저격할 라라케이스의 큐빅케이스... 
776,4.0,0.6875,"[(0, 0.062501006), (1, 0.062501006), (2, 0.062508814), (3, 0.06252124), (4, 0.6874637), (5, 0.062504195)]",입니다 <b>아이폰 12</b> pro max 미키마우스 스트랩 케이스 여성스럽고 러블리한 디자인의 패션 케이스 예쁨... 케이스로 너~무 잘 사용하고 있어요 이정도면 만능이죠 ~~ <b>아이폰 12</b> pro max 미키마우스 스트랩 스탠딩 케이스
571,4.0,0.6875,"[(0, 0.06250423), (1, 0.06250412), (2, 0.06251933), (3, 0.062515765), (4, 0.68745553), (5, 0.062501006)]",이렇게 봉인해놨다 #잣엿 나도 한입 먹음 #잣 이 들어있어 고소하다. 케익 쪼꼼만 먹구 자야딩 #<b>아이폰12</b>프로 #아이폰일상 #아이폰사진일기 #iPhone12Pro #일상사진 iPhone 12 Pro Copyright SpringB. All rights reserved.
519,4.0,0.6875,"[(0, 0.06250101), (1, 0.06250101), (2, 0.062508814), (3, 0.062520556), (4, 0.6874645), (5, 0.062504195)]",역시나 <b>아이폰12</b> 프로 전용케이스라 그런지 사이즈도 딱 맞고 깔끔하게 떨어지네요. 핸드폰을 모르고 떨어트려도 아이폰과 케이스가 분리가 되지 않게 핸드폰을 단단하게 고정시켜 주는게 좋아요. 그리고... 
445,4.0,0.6875,"[(0, 0.062501945), (1, 0.06251228), (2, 0.06250829), (3, 0.06250942), (4, 0.6874676), (5, 0.06250047)]",하세요 #아이폰 #아이폰마스크인식 #애플워치 #아이폰잠금해제 #페이스아이디 #얼굴인식 #잠금해제 #애플워치잠금해제 #애플워치마스크 #아이폰마스크 #<b>아이폰12</b> #아이폰11 #보안 #아이폰XR #아이폰XS... 
771,4.0,0.6873999834060669,"[(0, 0.06251154), (1, 0.06251404), (2, 0.0625088), (3, 0.06251696), (4, 0.6874313), (5, 0.062517345)]",A P P L E <b>아 이 폰 12</b> 프 로 케 이 스 아이폰은 쌩폰을 쓰는게 가장 좋은데 아이폰7 쓸때 쌩폰 쓰면서 여러번 부셔먹고 리퍼 받느라 큰 돈 여러번 쓰고 ( 보험 들어도 큰 돈 들어가는 아이폰) 아이폰 xs부터는 케이스... 
794,4.0,0.6873999834060669,"[(0, 0.06251335), (1, 0.06250505), (2, 0.062513694), (3, 0.06251874), (4, 0.68742776), (5, 0.062521376)]",케이스 <b>아이폰 12</b> 스트랩 방울 하트 커플케이스 매력 빵빵 보일수 있는 케이스 귀여움 가득 신세대... 귀여운 커플 케이스 뿜 뿜 함께 들고 찍으면 나도 인싸 같은 케이스 <b>아이폰 12</b> 미키 미니 스트랩 방울 커플케이스
403,4.0,0.6650999784469604,"[(0, 0.015156773), (1, 0.2743043), (2, 0.015156424), (3, 0.015157809), (4, 0.6650686), (5, 0.015156041)]","사전 예약으로 수령한 <b>아이폰 12</b> pro 퍼시픽 블루의 디자인과 간단한 스펙부터, 기존 아이폰4부터 XS까지 사용해본 입장에서 느낀 첫 인상을 정리해보았습니다. 약간 크고 향상된 디스플레이와 5G 네트워크를... "
661,4.0,0.6632999777793884,"[(0, 0.017862625), (1, 0.017859578), (2, 0.017860807), (3, 0.26525855), (4, 0.6632989), (5, 0.017859494)]",&lt;제품 전면&gt; 카메라 홀도 아이폰 카메라에 맞춰서 완벽하게 복각되어있는 것 같네요. ㅎㅎ 끼움 <b>아이폰12</b> 프로맥스 케이스 슬림 zero03 블랙에디션 상세 리뷰 <b>아이폰12</b> 프로맥스 케이스 끼움 슬림케이스 zero03... 
410,4.0,0.6514999866485596,"[(0, 0.01515311), (1, 0.015154485), (2, 0.28783223), (3, 0.015154037), (4, 0.651549), (5, 0.015157149)]",이번에 고른 제품은 주파집에서 판매하고 있는 <b>아이폰 12</b> 프로 강화유리 필름으로 화면을 전부... 잘 아시겠지만 그냥 12와 프로는 똑같이 6.1인치고 디자인도 같아서 모든 액세서리를 공통적으로 사용할 수... 
800,4.0,0.6431000232696533,"[(0, 0.027779533), (1, 0.027785359), (2, 0.24578325), (3, 0.027781991), (4, 0.6430843), (5, 0.027785525)]","<b>아이폰 12</b> pro 케이스 게다가 나는 두께가 꽤 있는 강화유리형 <b>아이폰 12</b> pro 카메라 보호필름을 붙인 터라, 아이폰 고유의 카메라 사이즈 말고도 강화유리 보호필름 사이즈가 더해진 규격을 지니게 된 셈인데... "
768,4.0,0.6385999917984009,"[(0, 0.2899245), (1, 0.017860977), (2, 0.017860925), (3, 0.017863613), (4, 0.6386293), (5, 0.017860655)]",특별하고 아이폰은 사과방패임 갤럭시는 우주방패 ㅋㅋ 작명센스 장난아님 에이스폰서라는 회사의... 폰은 <b>아이폰 12</b>프로 그래파이트라 색감이 엄청 예쁜데.. 강화 비닐을 사자마자씌워서 그런지 예쁨을 다... 
732,4.0,0.6381000280380249,"[(0, 0.013162187), (1, 0.013160076), (2, 0.30921432), (3, 0.013160918), (4, 0.63813967), (5, 0.013162811)]","<b>아이폰12</b> 미니 구매 후 다양한 케이스들을 사왔고 대체적으로 만족은 하는 편이나 이 중 뭔가 딱 꽂히는... 바림의 끼움 Zero 03 케이스는 휴지 2장 보다 가벼운 에어슬림 케이스로, 아이폰을 완벽하게 복각한... "
714,4.0,0.6324999928474426,"[(0, 0.013160747), (1, 0.013159868), (2, 0.31482238), (3, 0.013160734), (4, 0.63253665), (5, 0.013159623)]","<b>아이폰12</b>프로슬림케이스 , <b>아이폰12</b>프로투명케이스 , 아이폰케이스추천 , 카이스엔... 콘텐츠 감상 특화 튼튼한 케이스 : 베루스 갤럭시 S21 울트라 원터치 거치대 퀵스탠드프로 (0) 2021.02.12 댓글 0 비밀글 글쓰기"
223,4.0,0.6272000074386597,"[(0, 0.017859047), (1, 0.017859655), (2, 0.30134228), (3, 0.017862096), (4, 0.6272194), (5, 0.01785756)]",[12년차]부산<b>아이폰12</b>미니 액정수리: 당일정품+방수씰 기본 안녕하세요~ 난수리전문! 애플수리의 모든 것! 아이픽스 코리아 부산대점 12년차 엔지니어입니다~ 오늘 수리일지는 <b>아이폰12</b>미니 액정수리건인데요... 
813,4.0,0.6032000184059143,"[(0, 0.015153042), (1, 0.015153897), (2, 0.33617216), (3, 0.015152585), (4, 0.6032102), (5, 0.0151581215)]",Leathercraft #2444 - #GawafitSlim <b>아이폰12</b> 미니 #Pueblo - Ortensia 안녕하세요. 가죽 제품 주문제작 전문 가와레더 입니다. <b>아이폰 12</b> 미니 케이스에 카드를 2장 수납할 수 있는 수제 가죽케이스입니다. 스마트폰이... 
108,4.0,0.6011999845504761,"[(0, 0.015153038), (1, 0.0151538905), (2, 0.33813483), (3, 0.015152585), (4, 0.60124755), (5, 0.015158063)]",Leathercraft #2583 - #GawafitSlim <b>아이폰12</b> 프로 #Pueblo - Ortensia 안녕하세요. 가죽 제품 주문제작 전문 가와레더 입니다. 카드를 2장 수납할 수 있는 <b>아이폰12</b> 프로 가죽 케이스입니다. 천연 베지터블 가죽인... 
892,4.0,0.592199981212616,"[(0, 0.01515387), (1, 0.015156793), (2, 0.015158635), (3, 0.015157754), (4, 0.59219503), (5, 0.3471779)]",<b>아이폰12</b> Pro Max에 적용된 맥세이프는 분명 편하지만 거치를 위해서는 호환 케이스가 필수입니다.... <b>아이폰12</b> Pro Max와 비교해도 상당히 작습니다. 코일의 위치는 스마트폰마다 조금씩 다르므로 아래쪽에 있는... 
23,4.0,0.5825999975204468,"[(0, 0.021741929), (1, 0.3303843), (2, 0.021743167), (3, 0.021741148), (4, 0.58264613), (5, 0.021743359)]",지난번 잠시 학교에 있을때 사용중이던 <b>아이폰12</b>프로에 붙여둔 알리발 강화유리 필름이 낙하로 인해... 새로 부착할 빅쏘 #<b>아이폰12</b>프로 #강화유리 필름입니다. <b>아이폰12</b>프로와 <b>아이폰12</b>는 디스플레이 규격... 
591,4.0,0.5572999715805054,"[(0, 0.35569438), (1, 0.021747153), (2, 0.02174507), (3, 0.021745933), (4, 0.557322), (5, 0.02174543)]","기존에 쓰고 있던 아이폰 X가 순간의 실수로 완파가 되었습니다.ㅠㅠ 아직도 사용하기 충분한... 이제는 그만 보내주자 생각하고, <b>아이폰 12</b> 프로 맥스를 구입하기로 마음 먹었습니다.^^ 일단 지금 코로나... "
68,4.0,0.5550000071525574,"[(0, 0.017863967), (1, 0.01786485), (2, 0.37350425), (3, 0.017864028), (4, 0.555042), (5, 0.017860878)]",(ㅋㅋㅋ) <b>아이폰12</b>랑 <b>아이폰12</b>프로는 액정크기가 같아서 12시리즈라고 적혀있더라구요. 오픈해보면 이런... 아이폰강화유리 #아이폰강화유리필름 #<b>아이폰12</b>강화유리 #<b>아이폰12</b>강화유리필름 #<b>아이폰12</b>프로강화유리... 
86,4.0,0.552299976348877,"[(0, 0.013161189), (1, 0.013164389), (2, 0.013162429), (3, 0.013162266), (4, 0.5522545), (5, 0.39509523)]",#아이폰케이스 #<b>아이폰12</b>케이스 #<b>아이폰12</b>미니케이스 #<b>아이폰12</b>카드케이스 #아이폰카드케이스 #아이폰카드케이스추천 #아이폰케이스추천 #아이폰쌈무그린케이스추천 #아이폰쌈무그린 #쌈무그린케이스추천
490,4.0,0.5426999926567078,"[(0, 0.015156322), (1, 0.015155348), (2, 0.015157538), (3, 0.39667112), (4, 0.5427028), (5, 0.015156893)]","이번 <b>12</b> 시리즈인 프로, 맥스, 일반, 미니는 디자인 때문에 많은 기대를 하고 있었습니다. 개인적으로 좋아하는 <b>아이폰</b>4와 동일하게 각진 외형이 그대로 적용되면서 스티브 잡스 때로 돌아간 듯한 기분이 듭니다.... "
612,4.0,0.5372999906539917,"[(0, 0.015156669), (1, 0.015158548), (2, 0.01515456), (3, 0.40204456), (4, 0.5373282), (5, 0.015157495)]",<b>아이폰12</b> mini의 후면을 보호하기 위해 가우런 카메라렌즈 풀커버 강화유리 필름을 붙여보았습니다.... 얼추 주변과 아이폰의 뒷판까지 열심히 써보면서 매끈한게 해주고나서 카메라렌즈 풀커버 강화유리의... 
724,4.0,0.5335999727249146,"[(0, 0.013162492), (1, 0.013161658), (2, 0.01316187), (3, 0.013160998), (4, 0.5335709), (5, 0.41378212)]",<b>아이폰12</b>pro 유심 넣는곳은 왼쪽 측면에 있는 볼륨 업+다운 버튼 아래쪽에 있습니다. 유심 핀은 아이폰 박스 확인해보시면 들어있는데 혹시라도 핀이 없는 경우 바늘 같은걸로 꾹 찔러 넣으셔도 괜찮습니다.... 
296,4.0,0.5108000040054321,"[(0, 0.013160183), (1, 0.01316277), (2, 0.013159587), (3, 0.43657184), (4, 0.51078564), (5, 0.013159962)]",안녕하세용 ~ <b>아이폰12</b>프로를 아주 잘 사용하고 있는 몽실언니입니다 :) 휴대폰 보는 시간이 많다보니 ~ 액정필름도 더러워지고 기스도 나고 해서 새로운 <b>아이폰12</b>프로 액정필름으로 교체를 했습니다 ! 이전에는... 
109,4.0,0.5095999836921692,"[(0, 0.021741755), (1, 0.021746494), (2, 0.021747846), (3, 0.021746067), (4, 0.50963575), (5, 0.40338215)]",아무튼 그 덕분에 iPhone12 프로나 <b>아이폰12</b> Pro max 판매량은 더욱더 좋았던 것으로 기억이 납니다. 그러나 5인치대 디스플레이 스마트폰이 사라지며 반대쪽 의견에 서 있던 사람들의 아쉬움이 생겨날 수도... 
305,4.0,0.5022000074386597,"[(0, 0.027779227), (1, 0.027785325), (2, 0.027786944), (3, 0.38669038), (4, 0.50217605), (5, 0.027782053)]","그러면 찰칵 소리와 함께 현재 아이폰 스크린샷이 저장되고, 편집을 할 수 있는 화면이 7시 방향에 잠깐 유지가 되죠. 아마 대부분 이 방법을 사용해서 스크린샷을 저장하실텐데요. <b>아이폰12</b>에는 손쉬운사용에서... "
743,4.0,0.48890000581741333,"[(0, 0.021742083), (1, 0.021744343), (2, 0.4240972), (3, 0.021746645), (4, 0.48892424), (5, 0.021745438)]",초코양 이번에 <b>아이폰12</b>미니로 바꿨어요. 새 스마트폰 구입했으니까... 파손없이 깨끗하게 사용하기... 카메라가 깨질염려도 없겠네요^^ 아이몬12미니에 카메라강화유리까지 붙이기 성공^^ 이제 전면강화유리와... 
190,4.0,0.48730000853538513,"[(0, 0.02174344), (1, 0.02174594), (2, 0.021743216), (3, 0.42569402), (4, 0.48732796), (5, 0.02174539)]","저는 아이폰 11프로를 팔고 <b>아이폰 12</b>로 넘어갈까 고민하던 차에 상담을 받은 거여서 이것저것 혜택을 다 받은 후에 가격을 여쭤보니 정말,,,저렴했어요. 아직 7개월 정도 남았고 완전히 망가진 상태는... "
592,4.0,0.4699999988079071,"[(0, 0.015153381), (1, 0.015154285), (2, 0.015156403), (3, 0.01515271), (4, 0.4700099), (5, 0.46937335)]",아이폰을 보호해 줄 튼튼한 투명 케이스를 찾던 중에 가우런 브랜드의 투명 케이스랑 4D 풀커버... 가우런 4D 풀커버 강화유리랑 퓨어하이브리드 케이스를 사용 중인 <b>아이폰12</b>미니에 장착한 모습입니다. 투명... 
801,4.0,0.43130001425743103,"[(0, 0.41477272), (1, 0.038478397), (2, 0.03846575), (3, 0.03846343), (4, 0.4313408), (5, 0.038478892)]",더 잘 갈 것 같지만 심플하면서도 포인트가 되는 하드케이스 디자인도 봄분위기에 딱인 것 같다 나의 <b>아이폰 12</b> 프로를 잘 지켜주렴! http://kikiluv.co.kr #협찬 #<b>아이폰12</b>케이스 #아이폰케이스 #<b>아이폰12</b>프로 #키키럽
